"NuméroQuestionAnser"|"Thème"|"Question"|"Réponse 1"|"Réponse 1 Correction"|"Réponse 2"|"Réponse 2 Correction"|"Réponse 3"|"Réponse 3 Correction"|"Réponse 4"|"Réponse 4 Correction"
1|"ProdFirst"|"Que fait on lors d'un incident majeur ?"|"Je priorise l'incident sur toutes autres activités"|TRUE|"J'interviens après ma réunion"|FALSE|"Je rajoute l'incident a mon backlog avec un traitement au fil de l'eau"|FALSE||
2|"ProdFirst"|"Quel est l'Objectif principal lors de la gestion d'un incident?"|"Identifier la root cause de l'incident"|FALSE|"Rétablir le service dès que possible et minimiser l'impact pour le métier "|TRUE|"Maintenir la satisfaction des utilisateurs au travers de la qualité de service "|FALSE|"Envoyer un état d'avancement à mon manager"|FALSE
3|"ProdFirst"|"Dans le cadre de la gestion d'un incident, quels sont les cas danslesquelles une escalade managériale est nécessaire?"|"Incapacité à résoudre l'incident dans les délais impartis"|TRUE|"Impact majeur sur les activités de l'entreprise"|TRUE|"Amélioration continue du processus"|FALSE|"Nécessite de mobiliser des ressources supplémentaires "|TRUE
4|"ProdFirst"|"Un post-Mortem est un document qui explique les causes/origines d'un incident majeur"|TRUE|TRUE|FALSE|FALSE||||
5|"ProdFirst"|"Un post-mortem doit être diffusé à J+7 de la fin de l'incident majeur"|TRUE|TRUE|FALSE|FALSE||||
6|"ProdFirst"|"En cas d'incident P1, les communications doivent être envoyées :"|"Toutes les heures"|FALSE|"Immédiatement à l'ouverture de l'incident et toutes les 10min jusqu'à la résolution"|FALSE|"1ère communication dans les 30min puis toutes les 2 heures  ; Dernière communication correspond à la validation de la résolution"|FALSE|"1ère Communication dans les 15’min; Toutes les heures ensuite et/ou à chaque étape importante du traitement ; Dernière communication correspond à la validation de la résolution."|TRUE
7|"ProdFirst"|"Qu'est ce qu'un incident (ITIL) ?"|"tout événement imprévu qui perturbe ou interrompt le fonctionnement normal d’un service informatique."|TRUE|"un problème informatique"|FALSE||||
8|"ProdFirst"|"Qu'est ce que ITIL ?"|"Une norme de développement"|FALSE|"une méthode de travail"|FALSE|"un ensemble de compétences organisationnelles spécifiques qui visent à créer de la valeur pour les clients finaux sous forme de services."|TRUE||
9|"ProdFirst"|"Que signifie le terme CCO ?"|"Cellule de Crise Opérationnelle"|TRUE|"Cellule de Crise Orienté"|FALSE|"Cellule de crise organisée"|FALSE||
10|"ProdFirst"|"Que signifie le terme CCD ?"|"Cellule de Création et de Décommissionement"|FALSE|"Cellule de Crise Décisionnelle"|TRUE|"Création, Confirmité et décommissionemet"|FALSE||
11|"ProdFirst"|"Que signifie le terme CCC ?"|"Cellule de Crise Cadré"|FALSE|"Cellule de Crise Client"|TRUE|"Cellule de Confirmité  Client"|FALSE||
12|"ProdFirst"|"Qu'est ce qu'un post-mortem ?"|"une communication sur l'incident en cours"|FALSE|"Un rapport sur le nombre d'incident"|FALSE|"un rapport écrit d'un incident qui décrit : L'impact de l'incident. Les actions prises pour réduire ou résoudre l'incident. La cause profonde de l'incident. Les actions de suivi prises pour éviter une ré-occurrence de l'incident."|TRUE||
13|"ProdFirst"|"Qu'est ce qu'une communication incident ?"|"Consiste à alerter les utilisateurs lorsqu'un service est touché par une panne ou des performances dégradées."|TRUE|"Un mail aux équipes support METIS"|FALSE||||
14|"ProdFirst"|"Que doit contenir une communication incident P1/P2"|"Description de l'impact, statut root cause, indentification d'un contournement, statut résolution et delai rétablissement"|TRUE|"Un diagramme de l'incident"|FALSE|"Un rapport écrit d'un incident qui décrit : L'impact de l'incident. Les actions prises pour réduire ou résoudre l'incident. La cause profonde de l'incident. Les actions de suivi prises pour éviter une ré-occurrence de l'incident."|FALSE||
15|"ProdFirst"|"Quel est le but d'un ticket incident ?"|"De gérer un problème"|FALSE|"Consiste à formaliser et tracer l'incident dans l'outil ITSM"|TRUE|"De résoudre un incident"|FALSE||
16|"ProdFirst"|"Qu'est-ce qu'une GTR (Garantie de Temps de Résolution) ?"|"Un contrat pour acheter du matériel informatique."|FALSE|"Un outil pour surveiller la performance du réseau."|FALSE|"Une garantie sur la durée maximale pour résoudre un incident après sa déclaration."|TRUE||
17|"ProdFirst"|"Quel est le principal objectif de la GTR (Garantie de Temps de Résolution) ?"|"Garantir que les incidents sont résolus dans un délai prédéfini et convenu et ne dépassant pas celui-ci."|TRUE|"Résoudre les problèmes quand on a le temps."|FALSE|"Ne pas se soucier du temps nécessaire pour résoudre un problème."|FALSE||
18|"ProdFirst"|"Pourquoi est-il crucial de respecter la DIMA  (Durée Maximale d'Interruption Admissible) ?"|"Pour éviter les interruptions prolongées qui pourraient causer des pertes financières ou opérationnelles."|TRUE|"Pour maximiser les temps d'arrêt du système."|FALSE|"Pour éviter d'investir dans des solutions de secours."|FALSE||
19|"ProdFirst"|"Pourquoi est-il important de définir une DIMA pour un système critique ?"|"Pour permettre des interruptions régulières sans impact."|FALSE|"Pour planifier des solutions de contournement ou de redémarrage rapide afin de respecter les délais d'interruption admissibles."|TRUE|"Pour éviter d'avoir des systèmes de secours."|FALSE||
20|"ProdFirst"|"Pourquoi la DIMA est-elle particulièrement critique dans le secteur bancaire ?"|"Parce que ce secteur n’a pas de besoins spécifiques en matière de continuité."|FALSE|"Parce que ce secteur ne tolère pas de longues interruptions, ce qui pourrait mettre en péril la sécurité, l'image et  les finances."|TRUE|"Pour permettre des interruptions plus longues sans planification."|FALSE||
21|"ProdFirst"|"Quel est le rôle d'un problème manager ?"|"A gérer les incidents"|FALSE|"Au suivi des plans d'action définis dans un problème, ainsi que les problème"|TRUE|"Analyser et résoudre l'incident"|FALSE||
22|"ProdFirst"|"Qu'est ce qu'un problème ?"|"un incident informatique"|FALSE|"C'est une cause sous-jacente ou une origine récurrente qui provoque un ou plusieurs incidents."|TRUE|"un modèle de communication"|FALSE||
23|"ProdFirst"|"Doit on ouvrir un problème pour tous les incidents majeurs."|TRUE|TRUE|FALSE|FALSE||||
24|"ProdFirst"|"Quels sont les objectifs d'un problème ?"|"Résoudre un incident"|FALSE|"Réduire la réccurence et l'impact d'un incident"|TRUE|"Sécuriser le déploiement des opérations"|FALSE||
25|"ProdFirst"|"Un problème peut être :"|"Proactif"|TRUE|"DIsruptif"|FALSE|"Réactif"|TRUE|"Constructif"|FALSE
26|"ProdFirst"|"Des incidents de priorité P1,P2,P3 ou P4 peuvent donner lieu à un problème"|TRUE|TRUE|FALSE|FALSE||||
27|"ProdFirst"|"Uniquement les incidents de priorité P1 et P2 peuvent donner lieu à un problème"|TRUE|FALSE|FALSE|TRUE||||
28|"ProdFirst"|"Qu'est ce qu'un changement (plusieurs réponses possibles)?"|"C'est l'ajout, la modification ou la suppression de tout ce qui pourrait avoir un effet direct ou indirect sur les services ou système de la production informatique."|TRUE|"Exécuter de tâches sans tenir compte des contraintes de temps."|FALSE|"Réaliser des modifications sur la production"|TRUE||
29|"ProdFirst"|"Quel est l’un des principaux avantages d'un changement ?"|"Permettre des intégrations sans documentation."|FALSE|"Tracer et sécuriser toute modification réaliser sur la production"|TRUE|"De faire des modifications sur la production"|FALSE||
30|"ProdFirst"|"Quel est le rôle principal d'un changement ?"|"Exécuter les tâches sans tenir compte des contraintes de temps."|FALSE|"Que toutes les actions réalisées sont maitrisées ainsi que les risques sur la production"|TRUE|"Augmenter la vitesse de traitement au détriment de la fiabilité."|FALSE||
31|"ProdFirst"|"Dans quelle instance valide t'on un changement ?"|"lors d'un point d'équipe"|FALSE|"Lors du CAB ou celui -ci sera expliqué et débattu en terme de risque"|TRUE|"Lors d'un point tribu"|FALSE||
32|"ProdFirst"|"Que trouve t'on comme livrables dans un changement ?"|"Aucun le changement sert de livrable"|FALSE|"Les actions réalisées uniquement"|FALSE|"Nous avons la feuille de route, le PV de recette ,la plan de test , le plan de retour arrière et l'évaluation des risques "|TRUE||
33|"ProdFirst"|"Que trouve t'on dans un changement ?"|"L'ensemble des livrables pré-requis pour la réalisation de celui-ci, les créneaux horaires, ainsi que les acteurs prévus pour les actions"|TRUE|" La date du passage au CAB, la référence du problème associé à l'incident et le post-Mortem "|FALSE|"les consignes d'escalade et le plan de retour-arrière"|FALSE||
34|"ProdFirst"|"Qui valide un changement Normal au CAB?"|"Le responsable pocessus "|FALSE|"Le change manager"|TRUE|"le responsable d'équipe"|FALSE||
35|"ProdFirst"|"En cas de modification sur la productionque dois je faire ?"|"un mail d'information"|FALSE|"Un changement "|TRUE|"je réalise mes modification sans tenir compte des contraintes"|FALSE||
36|"ProdFirst"|"En cas d'incident en production, je dois initier une requête"|TRUE|FALSE|FALSE|TRUE||||
37|"ProdFirst"|"Il existe des requêtes au catalogue soumises à approbation."|TRUE|TRUE|FALSE|FALSE||||
38|"ProdFirst"|"Une requête est :"|"Un changement urgent"|FALSE|"Un mail aux équipes support METIS"|FALSE|"Une demande cataloguée pour laquelle il existe une procédure prédéfinie et approuvée"|TRUE|"Une modification d'un élément de configuration"|FALSE
39|"ProdFirst"|"Un changement normal significatif, majeur peut être exécuté le jour même de sa création"|TRUE|TRUE|FALSE|FALSE||FALSE||
40|"ProdFirst"|"Lors de l'exécution d'un changement, je suis la feuille de route prévue mais une problématique intervient. Que dois-je faire ?"|"Je continue mon opération car ma feuille de route a été approuvée"|FALSE|"J'arrête l'opération"|FALSE|"J'escalade à mon management pour prise de décision"|TRUE|"J'effectue directement un rollback"|FALSE
41|"ProdFirst"|"Un changement a été exécuté correctement et le ticket est fermé dans METIS. Un incident majeur survient suite à ce changement et un rollback est effectué par la suite. Que faire du ticket changement dans METIS ?"|"Je mets à jour le code de clôture dans METIS pour préciser le rollback"|TRUE|"Je laisse le code de clôture à ""Succès"" dans METIS car mon opération été exécutée correctement"|FALSE|"Je ne m'occupe plus de METIS car mon changement est fermé"|FALSE|"Je ne dois pas remplir de code de clôture dans METIS"|FALSE
42|"ProdFirst"|"J'ai un incident en production et je dois effectuer une modification de l'infrastructure pour rétablir le service. Je dois :"|"Exécuter mon opération en production car il faut résoudre l'incident"|FALSE|"Exécuter l'opération en faisant un changement urgent"|TRUE|"Avoir la validation du DG avant d'exécuter ce type d'opération"|FALSE|"Je dois faire un changement standard"|FALSE
43|"ProdFirst"|"En cas d'incident majeur suite à un changement, la PIR complémentaire est obligatoire ?"|TRUE|TRUE|FALSE|FALSE||||
44|"ProdFirst"|"En cellule de crise, l'exécution d'un changement est validée pour résoudre un incident. Je dois :"|"Exécuter l'opération car validée en cellule de crise et ensuite faire un changement urgent dans METIS pour régulariser"|TRUE|"Exécuter l'opération car validée en cellule de crise et donc pas besoin de ticket METIS dans ce cas"|FALSE|"Demander l'approbation de mon management avant d'exécuter l'opération validée par la cellule de crise"|FALSE|"Faire un changement urgent dans METIS et attendre sa validation avant d'exécuter l'opération"|FALSE
45|"ProdFirst"|"La CMDB est un emplacement centralisé et commun pour stocker les éléments de configuration (CI) et les informations asscociées "|TRUE|TRUE|FALSE|FALSE||||
46|"ProdFirst"|"Un élément de configuration est tout composant géré dans une infrastructure  informatique . Cela peut inclure:"|"Uniquement des éléments matériels"|FALSE|"Des éléments  matériel, logiciel, documents et services"|TRUE|"Uniquement des éléments de type technique"|FALSE|"Uniquement des logiciels"|FALSE
47|"ProdFirst"|"La CMDB aide à évaluer les risques associés à un changement en fournissant une compréhension claire des dépendances entre les CIs "|TRUE|TRUE|FALSE|FALSE||||
48|"ProdFirst"|"Dabns quel(s) cas la mise à jour de la CMDB peut être nécessaire ? (Plusieurs réponses possibles)"|"Uniquement en cas d'incident majeur"|FALSE|"Suite à une recommendation d'audit"|TRUE|"Si des modifications sont effectuées sur l'infrastructure"|TRUE|"Uniquement suite à des changements infrastructures"|FALSE
49|"ProdFirst"|"Que signifie l’acronyme CMDB ?"|"Connection Moyenne DataBase"|FALSE|"Configuration Management DataBase"|TRUE|"Configuration Moyen DataBase"|FALSE||
50|"ProdFirst"|"Dans quel processus la CMDB est-elle gérée et détaillée ?"|"Dans la gestion des actifs et des configurations"|TRUE|"Dans la gestion des Processus"|FALSE|"Dans les bases de données"|FALSE||
51|"ProdFirst"|"Quelle est la valeur attendue de la gestion d’une CMDB ? (Plusieurs réponses possibles)"|"Faciliter la gestion des éléments de configurations (relations comprises)"|TRUE|"Permettre une analyse d’impact efficace"|TRUE|"La gestion interne d'une base de données"|FALSE||
52|"ProdFirst"|"Que gère-t-on dans une CMDB"|"Des bases de données"|FALSE|"Des processus"|FALSE|"Des éléments de configuration (CI)"|TRUE||
53|"ProdFirst"|"La CMDB aide à évaluer les impacts en cas d'incident ?"|TRUE|TRUE|FALSE|FALSE||||
54|"ProdFirst"|"Une requête est toujours traitée par un changement standard."|TRUE|FALSE|FALSE|TRUE||||
55|"ProdFirst"|"Le groupe de support d'une requête au catalogue est"|"Non obligatoire"|FALSE|"En charge du changement"|FALSE|"En charge de la réalisation des tâches de la requête"|TRUE|"En charge de l'approbation de la requête"|FALSE
56|"ProdFirst"|"Pour traiter une requête qui entraine la création, la modification ou la suppression d'un élément de configuration de l'infrastructure en production :"|"J'exécute l'opération demandée et je ferme la requête "|FALSE|"J'exécute un changement que je trace dans METIS avec les bons niveaux d'approbation (en fonction du type de changement)"|TRUE|"Je demande une validation au manager du demandeur"|FALSE|"Je demande une validation à mon manager"|FALSE
57|"ProdFirst"|"J'ai besoin d'assisance sur l'usage de METIS, j'ouvre un incident"|TRUE|FALSE|FALSE|TRUE||||
58|"ProdFirst"|"Quel est l’importance de prendre en compte et respecter les consignes de déploiement ?"|"Permettre de sécuriser la production"|TRUE|"Permet de fermer une recommandation d'audit"||"Permet de générer une faille de sécurité"|||
59|"ProdFirst"|"Que se passe-t-il si je ne respecte pas les consignes de déploiement et/ou la feuille de route ? (Plusieurs réponses possibles)"|"Générer une rupture de service"|TRUE|"Rien, aucun impact sur la production"||"Retarder mon opération"|TRUE|"Retarder la livraison d'un projet et/ou dépasser mon budget projet"|TRUE
60|"ProdFirst"|"Pourquoi les systèmes informatiques sont-ils souvent divisés en plusieurs couches ?"|"Pour rendre le système plus complexe."|FALSE|"Pour que chaque couche ait un rôle spécifique, comme gérer l'affichage ou les données."|TRUE|"Pour économiser de l'espace mémoire."|FALSE||
61|"ProdFirst"|"Que signifie ""évolutivité"" pour un système informatique ?"|"La capacité du système à rester stable avec un seul utilisateur."|FALSE|"La capacité du système à gérer une augmentation du nombre d’utilisateurs ou de données."|TRUE|"Réduire les fonctionnalités du système au minimum."|FALSE||
62|"ProdFirst"|"Pourquoi la tolérance aux pannes est-elle importante dans un système ?"|"Pour que le système fonctionne même si une partie échoue."|TRUE|"Pour réduire les coûts en arrêtant le système en cas de panne."|FALSE|"Pour que le système ne redémarre pas automatiquement après chaque erreur."|FALSE||
63|"ProdFirst"|"Quel est le rôle de l’équilibrage de charge dans un système ?"|"Répartir le travail entre plusieurs serveurs pour éviter la surcharge."|TRUE|"Forcer tout le travail à être fait par un seul serveur."|FALSE|"Bloquer l’accès à certains utilisateurs pour réduire la charge."|FALSE||
64|"ProdFirst"|"Pourquoi la sécurité doit-elle être intégrée dès la conception d'un système (""Security by Design"") ?"|"Pour ajouter des mesures de sécurité après coup."|FALSE|"Pour assurer que le système soit sécurisé dès le début."|TRUE|"Pour éviter d'utiliser des systèmes de sécurité externes."|FALSE||
65|"ProdFirst"|"Quel est l’un des principaux avantages de la démarche DIMA ?"|"Permettre des intégrations sans documentation."|FALSE|"Harmoniser les composants et favoriser la cohérence du système"|TRUE|"Isoler chaque composant sans communication entre eux."|FALSE||
66|"ProdFirst"|"Pourquoi la gestion GTI est-elle cruciale dans un environnement d'entreprise ?"|"Pour améliorer la productivité en maximisant l'efficacité de l'infrastructure informatique."|TRUE|"Pour ralentir les processus afin de réduire les coûts."|FALSE|"Pour ne gérer que les tâches non critiques."|FALSE||
67|"ProdFirst"|"Quel est le rôle principal de la GTR dans un système embarqué ?"|"Exécuter les tâches sans tenir compte des contraintes de temps."|FALSE|"Garantir que les réponses du système sont fournies dans un temps prédéfini, critique pour la sécurité et la performance."|TRUE|"Augmenter la vitesse de traitement au détriment de la fiabilité."|FALSE||
68|"ProdFirst"|"Que signifie l'approche DIMA en termes de documentation ?"|"Ignorer la documentation pour aller plus vite."|FALSE|"Documenter les choix architecturaux pour une meilleure compréhension et maintenance du système."|TRUE|"Créer uniquement des schémas sans explications écrites."|FALSE||
69|"ProdFirst"|"Quelle est l'une des principales préoccupations de la GTI ?"|"Réduire la consommation électrique des serveurs."|FALSE|"Planifier, superviser et optimiser l'utilisation des ressources informatiques et le temps de traitement."|TRUE|"Se concentrer uniquement sur la gestion des utilisateurs."|FALSE||
70|"ProdFirst"|"Pourquoi la DIMA (Durée Maximale d'Interruption Admissible) est-elle importante pour un système informatique ?"|"Elle permet de mesurer combien de temps un système peut être interrompu sans impact majeur."|TRUE|"Elle fixe un temps minimal de fonctionnement."|FALSE|"Elle n'a pas d'importance pour les systèmes critiques."|FALSE||
71|"ProdFirst"|"Quel est le but du ""Load Balancing"" (équilibrage de charge) ?"|"Répartir la charge de travail entre plusieurs serveurs pour optimiser les performances."|TRUE|"Rediriger tout le trafic vers un seul serveur."|FALSE|"Augmenter la complexité du système en ajoutant plus de serveurs."|FALSE||
72|"ProdFirst"|"Que signifie ""Security by Design"" dans une architecture ?"|"Ajouter des fonctionnalités de sécurité à la fin du développement."|FALSE|"Intégrer la sécurité dès la conception initiale du système."|TRUE|"Utiliser des mots de passe simples pour une meilleure accessibilité."|FALSE||
73|"ProdFirst"|"Que signifie DICP ?"|"Décision, Intelligence, Confiance, Patience"|FALSE|"Détection, Identification, Connexion, Partage"|FALSE|"Disponibilité, Intégrité, Confidentialité, Preuve"|TRUE||
74|"ProdFirst"|"Pourquoi la DIMA (Durée Maximale d'Interruption Admissible) est-elle importante pour un système informatique ?"|"Elle permet de mesurer combien de temps un système peut être interrompu sans impact majeur."|TRUE|"Elle fixe un temps minimal de fonctionnement."|FALSE|"Elle n’a pas d’importance pour les systèmes critiques."|FALSE||
75|"Risk&Security"|"Que signifie VCE ?"|"Une vulnérabilité critique exploitable"|TRUE|"Une vulnérabilité d'un composant exploitable"||"Une véritable criticité d'entreprise"|FALSE|"Une vulnérablité critique d'entreprise"|FALSE
76|"Risk&Security"|"Le traiement des VCE est prioritaire par rapport aux évolutions métier de mon périmètre"|"VRAI "|TRUE|FALSE|||||
77|"Risk&Security"|"TENABLE est un outil pour réaliser les tests de vulnérabilité  des serveurs "|"Vrai "|TRUE|FALSE|||||
78|"Risk&Security"|"Que faire si je reçois un SMS de provenance inconnue ? (plusieurs réponses possibles)"|"Je ne clique pas sur les liens et je n’ouvre pas de documents dans les sms suspects"|TRUE|"Je ne réponds pas au sms"|TRUE|"Je contacte l'émetteur par un autre canal déjà établi pour vérifier l’authenticité du message"|TRUE|"Je communique mon adresse mail professionnelle"|FALSE
79|"Risk&Security"|"Que faire si je reçois un mail de provenance inconnue ? (plusieurs réponses possibles)"|"Je réponds au mail"|FALSE|" Je ne clique pas sur les liens ou les pièces jointes dans les mails suspects"|TRUE|"En cas de doute,  je transfère le mail en pièce-jointe au SOC"|TRUE|"Je ne réponds pas au mail"|TRUE
80|"Risk&Security"|"Quels sont les niveaux de confidentialité des données ? (plusieurs réponses possibles)"|"Extrêmement confidentiel"|FALSE|"Hautement confidentiel"|TRUE|"Public"|TRUE|"Usage interne"|TRUE
81|"Risk&Security"|"Comment procéder si j'ai besoin d'installer un logiciel ?"|"J'ouvre mon navigateur et je cherche le logiciel sur Google"|FALSE|"Je branche une clé USB contenant le logiciel"|FALSE|" Je regarde dans le catalogue applicatif s’il est disponible, sinon je fais une demande METIS."|TRUE|FALSE|
82|"Risk&Security"|"Lors de la gestion d'un projet, quelles mesures de sécurité doivent être prises en compte ?"|"Consulter le guichet Accompagnement Risques et Sécurité (ARS) pour identifier les risques."|FALSE|"Assurer une mise à jour des logiciels sans passer par l'ARS."|TRUE|"Ignorer les enjeux de sécurité pour les petits projets."||"Inclure systématiquement les enjeux de sécurité dans la planification du projet."|TRUE
83|"Risk&Security"|"Quels sont les éléments essentiels pour gérer efficacement les besoins en matière de cybersécurité ?"|"Attendre que les incidents de sécurité surviennent avant de définir les besoins."|FALSE|"Ignorer les nouveaux besoins en matière de cybersécurité pour éviter des dépenses inutiles."|FALSE|"Communiquer les besoins en cybersécurité au référent sécurité pour initier les actions nécessaires."|TRUE|FALSE|FALSE
84|"Risk&Security"|"Comment promouvoir efficacement la sensibilisation à la cybersécurité auprès des collaborateurs"|"Exiger que les collaborateurs suivent les sessions de sensibilisation et formations attribuées."|FALSE|"Ignorer les formations pour les collaborateurs ayant plus de 5 ans d'ancienneté."|TRUE|"Diffuser l'adresse CA-GIP_Communication_Cybersecurite@CA-GIP.fr pour toutes les questions relatives à la cybersécurité."|TRUE|FALSE|FALSE
85|"Risk&Security"|"Quelles sont les responsabilités du chargé du suivi des recommandations d'audit CA-GIP ?"|"S'assurer que les preuves fournies sont en adéquation avec les attendus des auditeurs."|FALSE|"Aider les porteurs de recommandations à planifier les actions de remédiation."|TRUE|"Ne pas participer aux étapes de restitution liées à une nouvelle mission d'audit."|TRUE|"Prendre part active dans l'élaboration du reporting destiné aux différentes directions."|TRUE
86|"Risk&Security"|"Pourquoi est-il important d'intégrer la sécurité dès le début d'un projet ?"|"Pour répondre uniquement aux exigences financières"|FALSE|"Pour anticiper les risques et éviter des incidents de sécurité."|TRUE|"Pour réduire les coûts en évitant les révisions post-projet."|FALSE|"Pour améliorer la qualité globale du projet."|TRUE
87|"Risk&Security"|"Pourquoi est-il essentiel que les collaborateurs suivent régulièrement des formations en cybersécurité ?"|"Pour s'assurer que les collaborateurs sont au courant des potentielles menaces"|TRUE|"Pour permettre aux collaborateurs d'obtenir une certification en cybersécurité"|FALSE|"Pour réduire les interruptions dues aux incidents de sécurité"|TRUE|"Pour que chaque collaborateur puisse devenir un référent sécurité."|
88|"Risk&Security"|"Qui faut-il prévenir si l'on pense avoir cliqué sur un lien frauduleux?"|"Son manager"|FALSE|"Ses clollègues"|FALSE|"Les ressources humaines"||"L'équipe de sécurité informatique"|TRUE
89|"Risk&Security"|"Après avoir cliqué sur un mail de phishing, il n'est pas utile de prévenir l'équipe de sécurité "|"Vrai "|FALSE|FALSE|TRUE||||
90|"Risk&Security"|"Quels indices permettent d'identifier un mail de phishing?"|"l'adresse mail de l'expéditeur"|TRUE|"Le lien cliquable"|TRUE|"L'absence de signature"|TRUE|"les spamwords"|TRUE
91|"Risk&Security"|"Qu'est ce que le phishing"|"Consiste à obtenir illégalement des informations sensibles"|TRUE|"Consiste à obtenir légalement des informations sensibles"|FALSE|"Consiste à la création légalement d'une base d'informations sensibles"|FALSE||
92|"Risk&Security"|"Qu'est ce qu'une attaques par déni de service et DDoS"|"Consiste à submerger les ressources d’un système jusqu’à ce qu’il soit incapable de répondre à des demandes de service légitimes."|TRUE|"Consiste à ne pas pouvoir mettre sont mot de passe"|FALSE|"Consiste à créer une vulnérabilité pour lancer un autre type d’attaque"|TRUE||
93|"Risk&Security"|"Qu'est ce qu'une attaque de type Man-in-the-middle ou l’homme du milieu (MITM)"|"La récupération de coordonnées, type bancaire"|FALSE|"Passer le portique en même temps que quelqu'un d'autre "|FALSE|"Consiste à écouter informatiquement les données envoyées entre deux personnes, réseaux ou ordinateurs."|TRUE||
94|"Risk&Security"|"Qu'est ce qu'un Ransomware"|"Consiste à maintenir en otage le système jusqu’à l'acceptation de payer une rançon,"|TRUE|"Consiste à bloquer l'acces au système"|TRUE|"Réclamer une rançon,"|TRUE||
95|"Risk&Security"|"Qu'est ce qu'un Malware"|"un nouveau jeu"|FALSE|"un logiciel malveillant qui infecte un ordinateur et modifie son fonctionnement, détruit des données ou espionne l’utilisateur ou le trafic réseau."|TRUE|"Un mail frauduleux"|FALSE||
96|"Risk&Security"|"Qu'est ce qu'un Trojans ou chevaux de Troie"|"Consiste à créer une vulnérabilité pour lancer un autre type d’attaque"|TRUE|"Le nom du cheval grecque"|FALSE|"Consiste à utiliser un programme malveillant caché à l’intérieur d’un programme apparemment légitime, pour ouvrir une porte dérobée dans le système à travers laquelle les hackers peuvent pénétrer"|TRUE||
97|"Risk&Security"|"Qu'est-ce qu'un événement de sécurité dans un système d'information ?"|"Un changement d'état dans un système d'information qui peut indiquer un risque pour l'organisation."|TRUE|"Une mise à jour régulière du système sans impact sur la sécurité."|FALSE|"Une simple alerte générée par un antivirus sans conséquence réelle."|FALSE|"Un accès autorisé à des données par un utilisateur légitime."|FALSE
98|"Risk&Security"|"Quelle définition correspond à un incident de sécurité  ?"|"Un événement de sécurité indésirable ou inattendu qui pourrait compromettre les opérations de l'organisation"|TRUE|"Un accès non autorisé aux informations par un employé de l'entreprise."|FALSE|"Un incident mineur sans impact sur les opérations de l'entreprise"|FALSE|"Un incident de sécurité est uniquement le résultat d'une attaque malveillante."|FALSE
99|"Risk&Security"|"Quels sont les critères DICP affectés par un incident de sécurité ?"|"Disponibilité"|TRUE|"Intégrité"|TRUE|" Confidentialité"|TRUE|"Preuve/Traçabilité"|TRUE
100|"Risk&Security"|"Si vous recevez une alerte de sécurité émise par le SOC, quelle est la première action à entreprendre ?"|"Ignorer l'alerte si elle ne vous semble pas urgente."|FALSE|"Contacter immédiatement votre responsable pour confirmer l’alerte."|TRUE|"Vérifier si l'alerte correspond à un incident potentiel sur votre périmètre."|TRUE|"Attendre que le SOC vous contacte directement avec plus d'informations."|FALSE
101|"Risk&Security"|"Si vous recevez un email suspect qui pourrait être du phishing, quelle est la bonne action à effectuer ?"|"Ouvrir l'email pour vérifier son contenu"|FALSE|"Signaler immédiatement l'email au SOC ou au Help Desk"|TRUE|"Transférer l'email à vos collègues pour confirmation"|FALSE|"Supprimer l'email sans en informer qui que ce soit"|FALSE
102|"Risk&Security"|"Quelle est une des bonnes pratiques pour prévenir les incidents de sécurité dans votre travail quotidien ?"|"Utiliser des mots de passe forts et les changer régulièrement.Conformément aux règles CA"|TRUE|"Partager vos identifiants de connexion avec vos collègues pour faciliter le travail d’équipe"|FALSE|"Installer des logiciels non approuvés si cela vous semble nécessaire"|FALSE||
103|"Risk&Security"|"Lorsqu’un incident de sécurité est confirmé, quelle est la première priorité opérationnelle  ? "|"Identifier la source de l'incident et tenter d'en limiter les conséquences"|TRUE|"Informer immédiatement toutes les équipes concernées, y compris la direction"|FALSE|"Continuer à travailler normalement tant que l’incident ne vous impacte pas directement"|FALSE|"Rédiger un rapport d'incident avant toute autre action"|FALSE
104|"Risk&Security"|"Qu'est ce que PCI DSS?"|"Plan de Certification interne propre à CA-GIP"|FALSE|"Payment  Card Industry Data Security Standard"|TRUE|"Projet Certifié International de Développement des Standards de Sécurité"|FALSE|"Programme Centralisé Interne de Diffusion Sécurisée du Système"|FALSE
105|"Risk&Security"|"Qu'est ce qu'un PSI?"|"Plan de Sécurité Interne propre à CA-GIP"|FALSE|"Plan de secours Informatique"|TRUE|"Un plan qui permet de prévenir la fraude bancaire"|FALSE|"Un plan qui permet de prévenir la perte de données critiques en mettant en place des procédures de sauvegarde efficaces"|TRUE
106|"Client"|"Pourquoi est-il important de comprendre les besoins spécifiques du client dans l'environnement CAGIP"|"Pour proposer des solutions standards."|FALSE|"Pour fournir des solutions adaptées et personnalisées : Comprendre les besoins spécifiques du client permet de fournir des solutions adaptées et personnalisées, ce qui améliore la satisfaction du client et la pertinence des services offerts."|TRUE|"Pour éviter de travailler trop dur"|FALSE|"Pour réduire les coûts d'exploitation"|FALSE
107|"Client"|"Comment chez CAGIP peut-on identifier les objectifs à court, moyen et long terme d'un client  "|"En évitant de poser trop de questions"|FALSE|" Par des discussions approfondies, des questionnaires, et l'analyse des processus métiers et des attentes du client."|TRUE|"En analysant uniquement les documents de l'entreprise"|FALSE||
108|"Client"|"Que faire en cas d'incident ?"|"Communiquer immédiatement au client avec transparence"|TRUE|"Demander au client de patienter "|FALSE|"Ne pas informer le client pour éviter le stress."|FALSE|"Fournir des mises à jour régulières de la communication jusqu'à la résolution."|TRUE
109|"Client"|"Qu'est-ce qu'un SLA "|" Un SLA (Service Level Agreement) est un contrat qui définit les niveaux de service attendus entre un fournisseur de services et un client."|TRUE|"Un outil de gestion des employés."|FALSE|"Une liste de prix des services"|FALSE|"Un plan de marketing pour attirer de nouveaux clients"|FALSE
110|"Client"|"Pourquoi est-il crucial de respecter les SLA "|" Le respect des SLA garantit que les engagements pris sont tenus, ce qui maintient la satisfaction et la confiance du client"|TRUE|"Pour éviter les pénalités financières"|TRUE|"Pour impressionner les concurrents."|FALSE|"Pour réduire le coût des services"|FALSE
111|"Client"|"Quels sont les éléments clés à inclure dans un SLA ?"|"Niveau de service attendu."|TRUE|"Temps de réponse et de résolution."|TRUE|"Uniquement la disponibilité."|FALSE|"Pénalités en cas de non-respect des engagements."|TRUE
112|"Client"|"Qu'entend-on par proactivité dans un service d'infogérance au sein de CAGIP ?"|"Attendre que le client demande des améliorations."|FALSE|"Anticiper les besoins et adopter une posture de conseil."|TRUE|"Réagir seulement aux problèmes majeurs"|FALSE||
113|"Client"|"Pourquoi l'innovation chez CAGIP est-elle importante en infogérance ?"|" L'innovation permet de proposer des solutions plus efficaces, de réduire les coûts et d'améliorer la performance des systèmes."|TRUE|"Pour augmenter les coûts "|FALSE|"Pour éviter les mises à jour logicielles"|FALSE||
114|"Client"|"Comment CAGIP  anticipe les besoins futurs d'un client ?"|" En analysant les tendances du marché, en restant à l'écoute des évolutions technologiques et en échangeant régulièrement avec le client."|TRUE|FALSE|FALSE|"En se concentrant uniquement sur les besoins actuels."|FALSE|"En se concentrant uniquement sur les besoins actuels."|FALSE
115|"Client"|"Quels types d'innovations peuvent être proposés en infogérance ?"|"Nouvelles technologies."|TRUE|"Automatisation des processus."|TRUE|"Solutions basées sur l'intelligence artificielle."|TRUE|"Réductions de personnel."|FALSE
116|"Client"|"Quelles mesures peuvent être prises par CAGIP pour garantir la confidentialité des données du client "|"Audits réguliers, et politiques strictes de gestion des données."|TRUE|"Revue des accès régulièrement "|TRUE|"Partage libre des données"|FALSE||
117|"Client"|"Quels sont les avantages pour CAGIP de se conformer aux normes de sécurité comme ISO 27001 "|"Renforce la confiance des clients et garantit un niveau élevé de protection des informations."|TRUE|"Réduire les coûts de sécurité"|TRUE|"Garantir un niveau élevé de protection des informations"|TRUE||
118|"Client"|"Quels sont les risques  pour CAGIP de ne pas garantir la confidentialité des données ?"|"Pertes financières."|TRUE|"Dommages à la réputation."|FALSE|"Sanctions légales."|TRUE|"Augmentation des coûts de marketing."|FALSE
119|"Client"|"Comment CA-GIP peut assurer un accompagnement optimal vis-à-vis des clients  ?"|"En s'adaptant rapidement aux changements des besoins du client. "|TRUE|"En proposant seulement des solutions standard"|FALSE|"En rejetant les nouvelles demandes du client"|FALSE|"En offrant des solutions modulaires et évolutives."|TRUE
120|"Client"|"Pourquoi l'adaptabilité chez CAGIP est-elle cruciale dans le domaine de l'infogérance ?"|"Parce que les besoins et les technologies évoluent rapidement, et une entreprise d'infogérance doit pouvoir s'adapter"|TRUE|"Pour pouvoir faire face à la concurrence."|TRUE|"Pour éviter de changer les services"|FALSE|"Parce que les technologies évoluent rapidement."|TRUE
121|"Client"|"Comment CAGIP propose des solutions modulaires à un client ?"|"En concevant des services qui peuvent être facilement étendus ou réduits. "|TRUE|"En utilisant des outils propriétaires fermés."|FALSE|"En évitant de personnaliser les services."|FALSE|"En offrant des options flexibles et personnalisables."|TRUE
122|"Client"|"Pourquoi est-il important pour CAGIP d'offrir des solutions évolutives ?"|"Pour permettre aux systèmes de croître avec les besoins du client."|TRUE|"Pour s'adapter à l'évolution des besoins clients"|TRUE|"Pour réduire les coûts initiaux."|FALSE|"Pour garantir une satisfaction client à long terme."|TRUE
123|"Client"|"Quel est le rôle des ingénieurs de production (IP/EquiperOPS/Appops) de CAGIP dans la satisfaction client ?"|"Réduire les temps d'arrêt."|TRUE|"Apporter rapidement des solutions"|TRUE|"Ignorer les signaux faibles"|FALSE|"Améliorer la satisfaction client en offrant un support de production de qualité."|TRUE
124|"Client"|"Quel est l'objectif principal de la gestion des incidents ?"|"Augmenter les coûts."|FALSE|"Réduire le temps de résolution et minimiser l'impact client"|TRUE|"Eviter les audits."|FALSE||
125|"Client"|"Pourquoi est-il important de mettre en place une gestion de problème suite à un incident récurrent?"|" Pour identifier les causes sous-jacentes et mettre en place des mesures correctives"|TRUE|"Pour augmenter les incidents."|FALSE|"Pour améliorer la stabilité et la fiabilité des systèmes."|TRUE||
126|"Client"|"Est-ce qu'une gestion proactive des problèmes peut améliorer les services ?"|TRUE|TRUE|FALSE|FALSE||||
127|"Client"|"Que se passe-t-il si la GTR(Garantie de Temps de Résolution) n'est pas respectée ?"|"Cela n’a aucun impact sur le service."|FALSE|"Il peut y avoir des pénalités pour le fournisseur et une insatisfaction des clients."|TRUE|"Le service continue normalement sans conséquences."|FALSE||
128|"Client"|"Comment CAGIP peut construire une relation de confiance avec ses clients ?"|"En étant transparent, honnête, professionnel, et en respectant les engagements pris."|TRUE|"En cachant les problèmes"|TRUE|"En agissant dans le meilleur intérêt du client."|TRUE||
129|"Client"|"Pourquoi la disponibilité de CAGIP est-elle importante dans une relation client ?"|"Pour montrer l'engagement envers le client."|TRUE|"Pour répondre aux besoins du client rapidement."|TRUE|"Pour réduire les coûts d'opération."|FALSE|"Pour éviter les interactions avec le client."|FALSE
130|"Client"|"Comment CAGIP démontre l'intégrité dans une relation d'infogérance ?"|"En respectant les engagements."|TRUE|"En étant transparent sur les problèmes."|TRUE|"En cachant les problèmes."|FALSE|"En agissant dans le meilleur intérêt du client."|TRUE
131|"Client"|"Quels sont les bénéfices d'un bon rapport avec le client dans une relation d'infogérance ?"|"Renforce la confiance et la fidélité."|TRUE|"Augmente les coûts d'opération."|FALSE|"Augmente les coûts d'opération."|TRUE||
132|"Client"|"Quels indicateurs de performance peuvent être utilisés pour évaluer les services rendus ?"|"Taux  de disponibilité, temps moyen de résolution des incidents, satisfaction client, et respect des SLA."|TRUE|"Le niveau de consomation éléctrique des bâtiments "|FALSE|"le nombre de Cellules de Crise "|FALSE||
133|"Client"|"Pourquoi est-il important pour CAGIP de solliciter le feedback des clients ?"|"Pour identifier les axes d'améliorations"|TRUE|"Pour renforcer la satisfaction client."|TRUE|"Pour obtenir des compliments."|FALSE||
134|"Client"|"Pourquoi réaliser des audits réguliers des services fournis ?"|"Pour s'assurer que les services respectent les standards et les attentes."|TRUE|"Pour identifier les axes d'améliorations"|TRUE|"Pour réduire les coûts d'opération."|FALSE|"Pour augmenter la complexité de la gestion."|FALSE
135|"Client"|"Le Cluster CLP:"|"Est le Cluster Paiement"|TRUE|"Gère l'intégration et l'exploitation du périmètre applicatif de CA-PS et AVEM"|TRUE|"Est le Custer de Proximité "|TRUE|"Gère l'intégration et l'exploitation du périmètre applicatif du LCL"|TRUE
136|"Client"|"Le Cluster SFS:"|"Est le Cluster Services Financiers Standards"|FALSE|"Gère l'intégration et l'exploitation du périmètre applicatif de AVEM"|TRUE|"Gère l'intégration est l'exploitation du périmètre applicatif de CAPFM Group et CAL&F"|TRUE|"Est le cluster Service Financiers Spécialisés"|TRUE
137|"Client"|"Le cluster  BPC:"|"Est le Cluster Banque de proximité Corporate"|FALSE|"Est le Cluster Banque de proximité Crédit Agricole S.A"|FALSE|"Gère l'intégration est l'exploitation du périmètre applicatif du LCL "|FALSE|"Gère l'intégration est l'exploitation du périmètre applicatif de BforBank"|FALSE
138|"Client"|"Le cluster BPCR:"|"Est le Cluster de Proximité des Caisses Régionales"|TRUE|"Est le Cluster Banque de proximité Crédit Agricole S.A"|FALSE|"Gère l'intégration est l'exploitation du périmètre applicatif du LCL et des caisses régionales"|FALSE|"Gère l'intégration est l'exploitation du périmètre applicatif des caisses régionales et de la banques Chalus"|TRUE
139|"Client"|"Le cluster GEA"|"Est le Cluster Gestion de l'Exploitation et Audit"|FALSE|"Gère l'intégration est l'exploitation du périmètre applicatif des Assurances uniquement"|FALSE|"Est le Cluster Gestion de l'Epargne et Assurances"|TRUE|"Gère l'intégration est l'exploitation du périmètre applicatif des Assurances, Amundi, CA-Titres et CA- Immobilier"|TRUE
140|"Client"|"Le Cluster CIB"|"Est le Cluster dédié au périmètre CACIB"|TRUE|"Gère l'intégration est l'exploitation du périmètre applicatif des Assurances "|FALSE||||
141|"Client"|"Le cluster CXi:"|"Est le cluster dédié au périmètre de CACEIS, CASA et Indosuez"|TRUE|"Est le Cluster dédié au périmètre  LCL et CAPS"|FALSE||||
142|"OneTeam"|"Que signifie pour vous l'approche ""OneTeam"" ?  "|"Permet à l'équipe de collaborer de manière fluide avec un objectif commun  "|TRUE|"Encourager la compétition entre les membres de l'équipe  "|"Créer des sous-équipes indépendantes sans collaboration  "|FALSE|FALSE||
143|"OneTeam"|"Est-ce que l'approche ""OneTeam"" facilite la gestion des incidents en production ?  "|"Favorise la collaboration entre les différentes personnes de l'équipe  "|TRUE|"Améliore le temps moyen de résolution des incidents  "|TRUE|"Diminue la nécessité de communication entre les membres  "|FALSE|"Augmente la charge de travail pour chaque membre  "|FALSE
144|"OneTeam"|"Comment l'approche ""OneTeam"" impacte l'intégration continue (CI) et le déploiement continu (CD) ?  "|"Fluidifier la communication entre le développeur et l'opérationnel  "|TRUE|"Anticiper les problèmes liés au déploiement en production grâce à la collaboration inter-équipes  "|TRUE|"Encourager le développement indépendant sans consultation  "|FALSE|"Réduire les interactions entre les équipes techniques et opérationnelles  "|FALSE
145|"OneTeam"|"Comment gérer la connaissance dans une équipe ""OneTeam"" pour centraliser la documentation ?  "|"Via WIKI  "|TRUE|"Tout le monde accède à la même base de connaissances  "|TRUE|"La documentation est uniquement réservée aux managers  "|FALSE||
146|"OneTeam"|"Quelle posture adopter dans une équipe ""OneTeam"" ?  "|"Adopter une posture solidaire avec les collègues  "|TRUE|"Exercer un devoir et droit d'alerte  "|TRUE|"Adopter une posture de conseil  "|TRUE|"Travailler de manière indépendante sans tenir compte des autres  "|FALSE
147|"OneTeam"|"Comment l'approche ""OneTeam"" influence la culture d'entreprise ?  "|"Favoriser une culture plus collaborative et moins hiérarchique  "|TRUE|"Les équipes travaillent ensemble et partagent les succès comme les échecs  "|TRUE|"Renforce la responsabilité collective  "|TRUE|"Créer des silos d'information au sein de l'organisation  "|FALSE
148|"Gouvernance"|"Que signifie la comitologie ?"|"Un comité opérationnel"|FALSE|"un comité fonctionnel"|FALSE|"Cela désigne la procédure décrivant les différentes instances de réunion prévues dans le cadre du projet ou d'un contrat."|TRUE||
149|"Gouvernance"|"Qu'est ce qu'un comité de pilotage (COPIL)?"|"Un comité incident"|FALSE|"Un comité de suivi  opérationnel de l’avancement du projet ou du contrat,  financier et technique "|TRUE|"comité RH"|FALSE||
150|"Gouvernance"|"Que signifie le terme RACI ?"|"Référé, Autorité, Comité, Instance"|FALSE|"Réalisateur, Autorité, Consulté, Informé"|TRUE|"Rootcause, Arbitré, consulté, Installé"|FALSE||
151|"Gouvernance"|"A quoi sert une RACI ?"|"Elle permet, en amont, de préciser le rôle de chacun et l’étendue de sa mission"|TRUE|"Elle définie un fonctionnement budgétaire"|FALSE|"Un réunion d'équipe"|FALSE||
152|"Gouvernance"|"Que signifie PAQ ?"|"Plan d’Assurance Qualité"|TRUE|"Plan Automobile Qualité"|FALSE|"Plan Autorisé Quantité"|FALSE||
153|"Gouvernance"|"Qu’est-ce qu'un PAQ ?"|"Plan Autorisé et d'Assurance"|FALSE|"C'est un document qui définit précisément ce qu’un prestataire doit faire et dans quel contexte"|TRUE|"Document qui défini les licences logiciel"|FALSE||
154|"Gouvernance"|"Que signifie PAS ?"|"Plan Assurance Sécurité"|TRUE|"Plan Autorité Sécurité"|FALSE|"Plan Assurance Secours"|FALSE||
155|"Gouvernance"|"Qu’est-ce qu'un PAS ?"|"Un document de synthèse sur les incident Cyber"|FALSE|"Précise la manière dont les prestataires doivent se conformer aux exigences de cybersécurité définies par le maître d’ouvrage pour ce qui concerne leur organisation et leur système d’information (SI)."|TRUE|"Plan Assurance Secours"|FALSE||
156|"Gouvernance"|"Que signifie KPI ?"|"Key Performance Indicator"|TRUE|"Key Process Indicator"|FALSE|"Indicateur Clé de Participation"|FALSE||
157|"Gouvernance"|"Que signifie PCA ?"|"Plan Correctif d'Activité"|FALSE|"Plan Continuité d'Activité"|TRUE|"Plan de Collecte d'Activité"|FALSE||
158|"Gouvernance"|"Qu’est-ce qu'un PCA?"|"Un Plan Climatique Avancé"|FALSE|"Un plan de reprise d'activité"|FALSE|"Des mesures préventives ainsi que des procédures d’urgence visant à préserver la continuité d’activité."|TRUE||
159|"Gouvernance"|"Que signifie PRA ?"|"Process Reporting Autority"|FALSE|"Plan de Reprise d’Activité"|TRUE|"Plan de restitution Active"|FALSE||
160|"Gouvernance"|"Qu’est-ce qu'un PRA ?"|"Un plan détaillé qui permet de rétablir les systèmes ou infrastructures après un sinistre."|TRUE|"Un plan de production de l'ordonnanceur"|FALSE|"Un module dans l'active-directory"|FALSE||
161|"Gouvernance"|"Quelle est la principale différence entre un SLA et une GTR ?"|"Le SLA couvre l'ensemble des niveaux de service, tandis que la GTR se concentre uniquement sur le temps de résolution des incidents."|TRUE|"La GTR définit tous les niveaux de service, tandis que le SLA se concentre uniquement sur les délais de réponse."|FALSE|"Il n’y a aucune différence, ce sont des termes interchangeables."|FALSE||
162|"Gouvernance"|"Pourquoi un SLA est-il important chez CA-GIP ?"|"Pour définir et garantir les attentes globales de service envers le Client."|TRUE|"Pour réduire les coûts de maintenance des équipements."|FALSE|"Pour éliminer tous les incidents possibles."|FALSE||
163|"Gouvernance"|"Dans quel document trouve-t-on généralement une GTR ?"|"Dans un manuel utilisateur."|FALSE|"Dans la convention de services."|TRUE|"Dans un contrat de vente de matériel."|FALSE||
164|"Gouvernance"|"Dans quel contexte utilise-t-on la GTR ?"|"Dans les contrats de maintenance pour assurer une intervention rapide en cas de panne."|TRUE|"Pour les activités où le temps de résolution n’est pas critique."|FALSE|"Uniquement pour les systèmes sans contrat de service."|FALSE||
165|"Gouvernance"|"Quel est le principal avantage d'avoir une GTR dans un contrat de service ?"|"Assurer la satisfaction des utilisateurs en garantissant une restituion du service dans les  délais convenu."|TRUE|"Augmenter les coûts de maintenance."|FALSE|"Éviter les réparations rapides."|FALSE||
166|"Gouvernance"|"Que garantit la GTR (Garantie de Temps de Résolution) dans un contrat de maintenance informatique ?"|"Que les réparations sont effectuées de manière informelle."|FALSE|"Que les problèmes sont résolus dans le temps convenu pour minimiser l'impact sur les opérations."|TRUE|"Que les délais ne sont pas respectés."|FALSE||
167|"Gouvernance"|"Pourquoi inclure une GTR dans un SLA ?"|"Pour spécifier précisément le délai dans lequel les incidents doivent être résolus, assurant ainsi une meilleure gestion des pannes."|TRUE|"Pour augmenter les coûts du contrat."|FALSE|"Pour ne jamais avoir à résoudre les incidents rapidement."|FALSE||
