Numéro,Thème/Question,Réponse 1,Réponse 2,Réponse 3,Bonne réponse
ID,LOT 1,,,,
BD1,"Qu'est-ce que le principe ""Separation of Concerns"" (Séparation des préoccupations) ?",Concevoir chaque composant avec une seule responsabilité spécifique.,Fusionner les fonctionnalités pour simplifier l'architecture.,Utiliser le même code pour différentes applications.,1
BD2,"Quel est le but de l'architecture ""Layered"" (couches) ?",Simplifier l'accès à la base de données.,Séparer les responsabilités entre différentes couches pour améliorer la maintenance et l'évolutivité.,Ajouter plus de composants pour compliquer l'architecture.,2
BD3,"Que signifie ""Loose Coupling"" (faible couplage) dans une architecture ?",Les composants sont fortement dépendants les uns des autres.,Les composants interagissent de manière minimale et indépendante.,Les composants doivent être reliés directement par du code hardcodé.,2
BD4,"Qu'est-ce que le principe ""High Cohesion"" (forte cohésion) ?",Les composants doivent avoir plusieurs responsabilités.,Les composants doivent être étroitement liés et spécialisés dans une seule tâche.,Les composants doivent être redondants.,2
BD5,"Quel est le principal objectif de l'architecture ""Microservices"" ?",Regrouper tous les services dans un seul système.,Diviser les applications en services indépendants pour améliorer la flexibilité et l'évolutivité.,Utiliser un seul serveur pour tous les services.,2
BD6,"Que signifie ""Scalability"" (évolutivité) dans le contexte de l'architecture ?",La capacité à améliorer la sécurité du système.,La capacité du système à gérer une augmentation de la charge de travail.,La capacité à réduire la complexité du code.,2
BD7,"Le principe ""Single Responsibility Principle"" (SRP) concerne :",Un composant doit avoir plusieurs responsabilités.,Un composant doit avoir une seule raison de changer.,Un composant doit être aussi générique que possible.,2
BD8,"Que signifie ""Fault Tolerance"" (tolérance aux pannes) dans une architecture ?",Le système peut continuer à fonctionner même en cas de défaillance de certains composants.,Le système s'arrête immédiatement lorsqu'une erreur se produit.,Le système doit être redémarré après chaque erreur.,1
BD9,"Quel est le but du ""Load Balancing"" (équilibrage de charge) ?",Rediriger tout le trafic vers un seul serveur.,Répartir la charge de travail entre plusieurs serveurs pour optimiser les performances.,Augmenter la complexité du système en ajoutant plus de serveurs.,2
BD10,"Que signifie le principe ""Don't Repeat Yourself"" (DRY) ?",Répéter le même code dans différents composants pour simplifier le développement.,Minimiser la redondance en partageant la logique réutilisable.,Créer des composants identiques pour chaque fonctionnalité.,2
BD11,"Quel est le but de l'architecture ""Event-Driven"" (basée sur les événements) ?",Exécuter les opérations en séquence sans interactions.,Réagir aux événements de manière asynchrone pour améliorer la réactivité du système.,Éviter l'utilisation de messages asynchrones.,2
BD12,"Que signifie ""Security by Design"" dans une architecture ?",Ajouter des fonctionnalités de sécurité à la fin du développement.,Intégrer la sécurité dès la conception initiale du système.,Utiliser des mots de passe simples pour une meilleure accessibilité.,2
BD13,"Que désigne le terme ""Scalability Verticale"" ?",Ajouter plus de serveurs pour répartir la charge.,"Augmenter la capacité d'un serveur unique (CPU, RAM).",Réduire le nombre de serveurs pour économiser des coûts.,2
BD14,"Quelle est l'importance du principe ""Modularity"" (modularité) en architecture ?",Créer des composants monolithiques pour simplifier la gestion.,Diviser le système en modules indépendants pour améliorer la maintenance et la réutilisation.,Fusionner tous les composants pour réduire la complexité.,2
BD15,"Quel est le rôle de ""API Gateway"" dans une architecture microservices ?",Fournir une interface unique pour accéder à différents services.,Bloquer les accès externes aux microservices.,Éliminer la communication entre les services.,1
,LOT 2,,,,
BD16,Quel est le but principal de la séparation des responsabilités dans une architecture ?,Faciliter la compréhension et la maintenance du système.,Mélanger toutes les fonctionnalités dans une seule partie.,Réduire le nombre de composants dans le système.,1
BD17,Pourquoi les systèmes informatiques sont-ils souvent divisés en plusieurs couches ?,Pour rendre le système plus complexe.,"Pour que chaque couche ait un rôle spécifique, comme gérer l'affichage ou les données.",Pour économiser de l'espace mémoire.,2
BD18,"Que signifie ""faible couplage"" entre les parties d'un système ?",Les parties du système sont très dépendantes les unes des autres.,Les parties du système sont indépendantes et peuvent fonctionner séparément.,Les parties du système ne peuvent pas fonctionner sans connexion permanente.,2
BD19,"Pourquoi est-il important d’avoir une ""forte cohésion"" dans une partie d’un système ?",Pour que chaque partie soit spécialisée dans une tâche précise et soit efficace.,Pour que chaque partie puisse faire plusieurs tâches à la fois.,Pour minimiser le nombre de parties dans le système.,1
BD20,Quel est l'avantage de diviser une application en petits services indépendants (microservices) ?,Pour rendre l'application plus difficile à gérer.,Pour faciliter les mises à jour et améliorer la flexibilité.,Pour regrouper tous les services en un seul bloc.,2
BD21,"Que signifie ""évolutivité"" pour un système informatique ?",La capacité du système à rester stable avec un seul utilisateur.,La capacité du système à gérer une augmentation du nombre d’utilisateurs ou de données.,Réduire les fonctionnalités du système au minimum.,2
BD22,"Que signifie ""responsabilité unique"" pour une partie du système ?",Chaque partie doit faire plusieurs tâches différentes.,Chaque partie ne doit avoir qu'une seule raison de changer.,Chaque partie doit être capable de remplacer les autres.,2
BD23,Pourquoi la tolérance aux pannes est-elle importante dans un système ?,Pour que le système fonctionne même si une partie échoue.,Pour réduire les coûts en arrêtant le système en cas de panne.,Pour que le système redémarre automatiquement après chaque erreur.,1
BD24,Quel est le rôle de l’équilibrage de charge dans un système ?,Répartir le travail entre plusieurs serveurs pour éviter la surcharge.,Forcer tout le travail à être fait par un seul serveur.,Bloquer l’accès à certains utilisateurs pour réduire la charge.,1
BD25,"Que signifie ""Ne te répète pas"" (Don't Repeat Yourself) en conception de système ?",Éviter de réutiliser du code et le recréer à chaque fois.,Réduire la redondance en partageant des morceaux de code réutilisables.,Répéter les mêmes lignes de code pour faciliter la lecture.,2
BD26,Quel est l'avantage d'un système basé sur des événements (Event-Driven) ?,Faire fonctionner les actions en ordre sans interruption.,Réagir aux événements rapidement et de manière flexible.,Empêcher les utilisateurs d’interagir avec le système en temps réel.,2
BD27,"Pourquoi la sécurité doit-elle être intégrée dès la conception d'un système (""Security by Design"") ?",Pour ajouter des mesures de sécurité après coup.,Pour assurer que le système soit sécurisé dès le début.,Pour éviter d'utiliser des systèmes de sécurité externes.,2
BD28,"Que signifie ""évolutivité verticale"" dans un système ?",Ajouter plus de serveurs pour gérer plus de travail.,Améliorer la capacité d’un serveur unique (par ex. augmenter la RAM).,Réduire la puissance du système pour économiser de l’énergie.,2
BD29,Pourquoi la modularité est-elle importante en architecture de système ?,Pour créer un système rigide et monolithique.,"Pour diviser le système en modules indépendants, facilitant les mises à jour et la maintenance.",Pour réduire le nombre de parties dans le système.,2
BD30,Quel est le rôle d'une passerelle API (API Gateway) dans une architecture de microservices ?,Servir de point d’accès unique aux différents services du système.,Bloquer la communication entre les services.,Ignorer les demandes des utilisateurs pour les rediriger ailleurs.,1
,LOT 3,,,,
BD31,Quel est l’un des principaux avantages de la démarche DIMA ?,Permettre des intégrations sans documentation.,Harmoniser les composants et favoriser la cohérence du système.,Isoler chaque composant sans communication entre eux.,2
BD32,Pourquoi la gestion GTI est-elle cruciale dans un environnement d'entreprise ?,Pour améliorer la productivité en maximisant l'efficacité de l'infrastructure informatique.,Pour ralentir les processus afin de réduire les coûts.,Pour ne gérer que les tâches non critiques.,1
BD33,Quel est le rôle principal de la GTR dans un système embarqué ?,Exécuter les tâches sans tenir compte des contraintes de temps.,"Garantir que les réponses du système sont fournies dans un temps prédéfini, critique pour la sécurité et la performance.",Augmenter la vitesse de traitement au détriment de la fiabilité.,2
BD34,Que signifie l'approche DIMA en termes de documentation ?,Ignorer la documentation pour aller plus vite.,Documenter les choix architecturaux pour une meilleure compréhension et maintenance du système.,Créer uniquement des schémas sans explications écrites.,2
BD35,Quelle est l'une des principales préoccupations de la GTI ?,Réduire la consommation électrique des serveurs.,"Planifier, superviser et optimiser l'utilisation des ressources informatiques et le temps de traitement.",Se concentrer uniquement sur la gestion des utilisateurs.,2
BD36,"Pourquoi la DIMA (Durée Maximale d'Interruption Admissible) 
est-elle importante pour un système informatique ?","Elle permet de mesurer combien de temps un système 
peut être interrompu sans impact majeur.",Elle fixe un temps minimal de fonctionnement.,Elle n'a pas d'importance pour les systèmes critiques.,1
BD37,"Quel est le principal objectif de l'architecture ""Microservices"" ?",Regrouper tous les services dans un seul système.,"Diviser les applications en services indépendants pour 
améliorer la flexibilité et l'évolutivité.",Utiliser un seul serveur pour tous les services.,2
BD38,"Que signifie ""Scalability"" (évolutivité) dans le contexte 
de l'architecture ?",La capacité à améliorer la sécurité du système.,La capacité à réduire la complexité du code.,"La capacité du système à gérer une augmentation 
de la charge de travail.",3
BD39,"Quel est le but du ""Load Balancing"" (équilibrage de charge) ?","Répartir la charge de travail entre plusieurs serveurs 
pour optimiser les performances.",Rediriger tout le trafic vers un seul serveur.,"Augmenter la complexité du système en ajoutant 
plus de serveurs.",1
BD40,"Que signifie ""Security by Design"" dans une architecture ?","Ajouter des fonctionnalités de sécurité à la fin 
du développement.",Intégrer la sécurité dès la conception initiale du système.,"Utiliser des mots de passe simples pour une meilleure 
accessibilité.",2
BD41,"Que désigne le terme ""Scalability Verticale"" ?","Augmenter la capacité d'un serveur unique (CPU, RAM).",Ajouter plus de serveurs pour répartir la charge.,"Réduire le nombre de serveurs pour économiser 
des coûts.",1
BD42,"Quel est le rôle de ""API Gateway"" dans une architecture 
microservices ?",Bloquer les accès externes aux microservices.,"Fournir une interface unique pour accéder à différents 
services.",Éliminer la communication entre les services.,2
BD43,Que signifie DICP ?,"Décision, Intelligence, Confiance, Patience","Détection, Identification, Connexion, Partage","Disponibilité, Intégrité, Confidentialité, Preuve",3
BD44,Pourquoi la DIMA (Durée Maximale d'Interruption Admissible) est-elle importante pour un système informatique ?,Elle permet de mesurer combien de temps un système peut être interrompu sans impact majeur.,Elle fixe un temps minimal de fonctionnement.,Elle n’a pas d’importance pour les systèmes critiques.,1
BD45, Que veut désigne le terme Platform as a Service (PaaS),Une Platform de flux de données,Une combinaison pré-packagée de matériel et d’outils logiciels de cloud computing qui vous permet de développer et de déployer en toute simplicité des applications.,Une combinaison de matériel et d’outils d'infrastructure,2
