Numéro,Thème/Question,Réponse 1,Réponse 2,Réponse 3,Réponse 4,Bonne réponse
ID,Compréhension des besoins du client,,,,,
C1,Pourquoi est-il important de comprendre les besoins spécifiques du client dans l'environnement CAGIP,Pour proposer des solutions standards.,"Pour fournir des solutions adaptées et personnalisées : Comprendre les besoins spécifiques du client permet de fournir des solutions adaptées et personnalisées, ce qui améliore la satisfaction du client et la pertinence des services offerts.",Pour éviter de travailler trop dur,Pour réduire les coûts d'exploitation,2
C2,"Comment chez CAGIP peut-on identifier les objectifs à court, moyen et long terme d'un client  ",En évitant de poser trop de questions,"Par des discussions approfondies et l'analyse des processus métiers. : Par des discussions approfondies, des questionnaires, et l'analyse des processus métiers et des attentes du client.",En analysant uniquement les documents de l'entreprise,,2
C3,Quelles méthodes chez CAGIP peuvent être utilisées pour analyser les processus métiers d'un client ?,"Entretiens. Entretiens, ateliers de travail, et études de flux de travail.",Ateliers de travail.,Études de flux de travail.,Ignorer les processus métiers,"1,2 et 3"
C4,Quels avantages CAGIP offre comme solution personnalisée par rapport à une solution standard ?,"Répond mieux aux besoins spécifiques du client. Une solution personnalisée répond mieux aux besoins spécifiques du client, ce qui peut améliorer l'efficacité et la satisfaction.",Améliore l'efficacité.,Augmente les coûts.,Améliore la satisfaction du client.,"1,2 et 4"
,Transparence et communication,,,,,
C5,Quelle est l'importance pour CAGIP de maintenir une communication ouverte avec le client ,"Pour construire une relation de confiance : Une communication ouverte permet de construire une relation de confiance, de résoudre rapidement les problèmes et de s'assurer que les attentes du client sont bien comprises et satisfaites",Pour éviter les conflits internes.,Pour minimiser les échanges,Pour garantir que les attentes du client sont bien comprises.,1 et 4
C6,Quels types de rapports devraient être fournis régulièrement au client ,"Des rapports de performance :  Des rapports de performance, des rapports d'incidents et de résolutions, ainsi que des rapports d'activité mensuels ou trimestriels",Des rapports financiers internes.,Des rapports d'incidents et de résolutions,Des rapports d'activité mensuels ou trimestriels,"1, 3 et 4"
C7,Comment CAGIP gére efficacement les attentes des clients ?,"En communiquant clairement sur les capacités et les limites des services.    En communiquant clairement sur les capacités et les limites des services, et en tenant le client informé de toute évolution.",En évitant de parler des limitations.,En tenant le client informé de toute évolution.,En promettant plus que ce qui peut être livré.,1 et 3
C8,Que faire en cas de problème ou d'incident majeur ?,Informer immédiatement le client.,Expliquer la situation et les mesures prises pour résoudre le problème.,Ne pas informer le client pour éviter le stress.,Fournir des mises à jour régulières jusqu'à la résolution.,"1,2 et 4"
,Qualité de service (SLA),,,,,
C9,Qu'est-ce qu'un SLA ,Un contrat qui définit les niveaux de service attendus : Un SLA (Service Level Agreement) est un contrat qui définit les niveaux de service attendus entre un fournisseur de services et un client.,Un outil de gestion des employés.,Une liste de prix des services,Un plan de marketing pour attirer de nouveaux clients,1
C10,Pourquoi est-il crucial de respecter les SLA ,"Pour maintenir la satisfaction et la confiance du client : Le respect des SLA garantit que les engagements pris sont tenus, ce qui maintient la satisfaction et la confiance du client",Pour éviter les pénalités financières,Pour impressionner les concurrents.,Pour réduire le coût des services,1 et 2 
C11,Quels sont les éléments clés à inclure dans un SLA ?,Niveau de service attendu.,Temps de réponse et de résolution.,Disponibilité.,Pénalités en cas de non-respect des engagements.,"1,2,3 et 4"
C12,Comment CAGIP mesure l'atteinte des niveaux de service définis dans le SLA ?,Par des indicateurs de performance. Par des indicateurs de performance et des rapports réguliers de suivi des SLA.,Par des rapports réguliers de suivi des SLA.,,,
,Proactivité et innovation,,,,,
C13,Qu'entend-on par proactivité dans un service d'infogérance au sein de CAGIP ?,Attendre que le client demande des améliorations.,Anticiper les besoins futurs du client. : La proactivité consiste à anticiper les besoins futurs du client et à proposer des améliorations avant même que le client ne les demande.,Réagir seulement aux problèmes majeurs,Proposer des améliorations avant que le client ne les demande,2 et 4
C14,Pourquoi l'innovation chez CAGIP est-elle importante en infogérance ?,"Pour proposer des solutions plus efficaces. L'innovation permet de proposer des solutions plus efficaces, de réduire les coûts et d'améliorer la performance des systèmes.",Pour réduire les coûts et améliorer la performance.,Pour éviter les mises à jour logicielles,,1
C15,Comment CAGIP  anticipe les besoins futurs d'un client ?,"En analysant les tendances du marché. En analysant les tendances du marché, en restant à l'écoute des évolutions technologiques et en échangeant régulièrement avec le client.",En restant à l'écoute des évolutions technologiques.,En échangeant régulièrement avec le client.,En se concentrant uniquement sur les besoins actuels.,"1,2 et 3"
C16,Quels types d'innovations peuvent être proposés en infogérance ?,Nouvelles technologies.,Automatisation des processus.,Solutions basées sur l'intelligence artificielle.,Réductions de personnel.,"1,2 et 3"
,Confidentialité et sécurité,,,,,
C17,Quelles mesures peuvent être prises par CAGIP pour garantir la confidentialité des données du client ,"Audits réguliers, et politiques strictes de gestion des données.",Accès restreint,Partage libre des données,"audits réguliers, et politiques strictes de gestion des données.",1 et 2
C18,Quels sont les avantages pour CAGIP de se conformer aux normes de sécurité comme ISO 27001 ,Renforcer la confiance des clients    Conformité aux normes de sécurité reconnues renforce la confiance des clients et garantit un niveau élevé de protection des informations.,Réduire les coûts de sécurité,Garantir un niveau élevé de protection des informations,Simplifier la gestion des données,1 et 3
C19,Comment CAGIP assure la sécurité des systèmes gérés ?,") Par la mise en place de pare-feu.    Par la mise en place de pare-feu, de systèmes de détection d'intrusion, et de politiques de sécurité strictes.",Par des systèmes de détection d'intrusion.,Par des politiques de sécurité strictes.,En réduisant les mises à jour de sécurité.,"1,2 et 3"
C20,Quels sont les risques  pour CAGIP de ne pas garantir la confidentialité des données ?,Pertes financières.,Dommages à la réputation.,Sanctions légales.,Augmentation des coûts de marketing.,"1,2 et 3"
,Flexibilité et adaptabilité,,,,,
C21,Comment une entreprise d'infogérance peut-elle démontrer sa flexibilité ?,En s'adaptant rapidement aux changements des besoins du client. ,En offrant des solutions fixes,En rejetant les nouvelles demandes du client,En offrant des solutions modulaires et évolutives.,1 et 3
C22,Pourquoi l'adaptabilité chez CAGIP est-elle cruciale dans le domaine de l'infogérance ?,"Parce que les besoins évoluent rapidement. :    Parce que les besoins et les technologies évoluent rapidement, et une entreprise d'infogérance doit pouvoir s'adapter pour rester pertinente.",Pour rester pertinent face à la concurrence.,Pour éviter de changer les services,Parce que les technologies évoluent rapidement.,"1, 2 et 3"
C23,Comment CAGIP propose des solutions modulaires à un client ?,En concevant des services qui peuvent être facilement étendus ou réduits. En concevant des services qui peuvent être facilement étendus ou réduits en fonction des besoins du client,En utilisant des outils propriétaires fermés.,En évitant de personnaliser les services.,En offrant des options flexibles et personnalisables.,1 et 3
C24,Pourquoi est-il important pour CAGIP d'offrir des solutions évolutives ?,Pour permettre aux systèmes de croître avec les besoins du client.,Pour éviter des refontes complètes.,Pour réduire les coûts initiaux.,Pour garantir une satisfaction client à long terme.,"1,2 et 4"
,Formation et support,,,,,
C25,Quel type de support technique CAGIP devrait offrir aux clients ?,"Support technique réactif.    Un support technique réactif, compétent et disponible 24/7 pour résoudre rapidement les problèmes.",Support technique disponible 24/7 ,Support technique uniquement durant les heures de bureau.,Support technique compétent.,1 et 3
C26,Quel est le rôle du support technique de CAGIP dans la satisfaction client ?,Réduire les temps d'arrêt.,Résoudre rapidement les problèmes.,Ignorer les petits problèmes,Améliorer la satisfaction client en offrant un support de qualité.,"1, 2 et 4"
C27,Comment garantir que le personnel du client est bien formé ?,En proposant des sessions de formation régulières.,En fournissant des ressources de formation accessibles.,En ne faisant pas de formation pour réduire les coûts.,En utilisant des méthodes d'apprentissage en ligne et sur site.,"1, 2 et 4"
,Gestion des incidents et des problèmes,,,,,
C28,Quel est l'objectif principal de la gestion des incidents ?,Augmenter les coûts.,Réduire le temps de résolution et minimiser l'impact des incidents sur les opérations du client.,Minimiser l'impact des incidents sur les opérations.,Eviter les audits.,2 et 3
C29,Pourquoi est-il important d'analyser les incidents pour éviter leur récurrence chez CAGIP?,"Pour identifier les causes sous-jacentes. :  Pour identifier les causes sous-jacentes et mettre en place des mesures correctives, ce qui améliore la stabilité et la fiabilité des systèmes.",Pour mettre en place des mesures correctives.,Pour augmenter les incidents.,Pour améliorer la stabilité et la fiabilité des systèmes.,"1,2 et 4"
C30,Quel est le processus typique de gestion d'un incident ?,"Identification, Enregistrement",Classification,Investigation,Résolution et clôture ,"1,2,3 et 4"
C31,Comment une gestion proactive des problèmes peut-elle améliorer les services ?,En identifiant les problèmes avant qu'ils ne deviennent des incidents.,En résolvant les problèmes rapidement.,En augmentant les incidents.,En réduisant les interruptions de service.,"1,2 et 4"
C32,Que se passe-t-il si la GTR n'est pas respectée ?,Cela n’a aucun impact sur le service.,Il peut y avoir des pénalités pour le fournisseur et une insatisfaction des clients.,Le service continue normalement sans conséquences.,,2
,Relation de confiance,,,,,
C33,Comment CAGIP peut construire une relation de confiance avec un client ?,"En étant transparent. En étant transparent, honnête, professionnel, et en respectant les engagements pris.",En cachant les problèmes,En respectant les engagements pris.,En agissant dans le meilleur intérêt du client.,"1,3 et 4"
C34,Pourquoi la disponibilité de CAGIP est-elle importante dans une relation client ?,Pour montrer l'engagement envers le client.,Pour répondre aux besoins du client rapidement.,Pour réduire les coûts d'opération.,Pour éviter les interactions avec le client.,1 et 2
C35,Comment CAGIP démontre l'intégrité dans une relation d'infogérance ?,En respectant les engagements.,En étant transparent sur les problèmes.,En cachant les problèmes.,En agissant dans le meilleur intérêt du client.,"1,2 et 4"
C36,Quel est l'impact d'un bon service client sur la relation d'infogérance ?,Renforce la confiance et la fidélité.,Peut mener à des relations à long terme.,Augmente les coûts d'opération.,Améliore la satisfaction client.,"1,2 et 4"
,Suivi et évaluation continue,,,,,
C37,Quels indicateurs de performance peuvent être utilisés pour évaluer les services rendus ?,"Taux de disponibilité. Taux de disponibilité, temps moyen de résolution des incidents, satisfaction client, et respect des SLA.",Temps moyen de résolution des incidents.,Satisfaction client.,Respect des SLA.,"1,2,3 et 4"
C38,Pourquoi est-il important pour CAGIP de solliciter les retours des clients ?,Pour identifier les domaines à améliorer : Les retours des clients permettent d'identifier les domaines à améliorer et de renforcer la satisfaction client.,Pour renforcer la satisfaction client.,Pour obtenir des compliments.,Pour améliorer les services offerts.,"1,2 et 4"
C39,Pourquoi réaliser des audits réguliers des services fournis ?,Pour s'assurer que les services respectent les standards et les attentes.,Pour identifier les domaines à améliorer.,Pour réduire les coûts d'opération.,Pour augmenter la complexité de la gestion.,1 et 2 
C40,Comment utiliser les feedbacks clients pour améliorer les services ?,"En analysant les retours. En analysant les retours, en identifiant les tendances et les points de friction, et en apportant des ajustements aux services offerts.",En identifiant les tendances et les points de friction.,En apportant des ajustements aux services offerts.,En ignorant les feedbacks négatifs.,"1,2 et 3"
C41,Le Cluster CLP:,Est le Cluster Paiement,Gère l'intégration et l'exploitation du périmètre applicatif de CA-PS et AVEM,Est le Custer de Proximité ,Gère l'intégration et l'exploitation du périmètre applicatif du LCL,1 et 2 
C42,Le Cluster SFS:,Est le Cluster Services Financiers Standards,Gère l'intégration et l'exploitation du périmètre applicatif de AVEM,Gère l'intégration est l'exploitation du périmètre applicatif de CAPFM Group et CAL&F,Est le cluster Service Financiers Spécialisés,3 et 4
C44,Le cluster  BPC:,Est le Cluster Banque de proximité Corporate,Est le Cluster Banque de proximité Crédit Agricole S.A,Gère l'intégration est l'exploitation du périmètre applicatif du LCL ,Gère l'intégration est l'exploitation du périmètre applicatif de BforBank,"2,3 et 4"
C45,Le cluster BPCR:,Est le Cluster de Proximité des Caisses Régionales,Est le Cluster Banque de proximité Crédit Agricole S.A,Gère l'intégration est l'exploitation du périmètre applicatif du LCL et des caisses régionales,Gère l'intégration est l'exploitation du périmètre applicatif des caisses régionales et de la banques Chalus,1 et 4
C46,Le cluster GEA,Est le Cluster Gestion de l'Exploitation et Audit,Gère l'intégration est l'exploitation du périmètre applicatif des Assurances uniquement,Est le Cluster Gestion de l'Epargne et Assurances,"Gère l'intégration est l'exploitation du périmètre applicatif des Assurances, Amundi, CA-Titres et CA- Immobilier",3 et 4
C47,Le Cluster CIB,Est le Cluster dédié au périmètre CACIB,Gère l'intégration est l'exploitation du périmètre applicatif des Assurances ,,,1
C48,Le cluster CXi:,"Est le cluster dédié au périmètre de CACEIS, CASA et Indosuez",Est le Cluster dédié au périmètre  LCL et CAPS,,,1
