Numéro,Thème/Question,Réponse 1,Réponse 2,Réponse 3,Niveau de difficulté
ID,Gouvernance,,,,
G1,Que signifie la comitologie ?,Un comité opérationnel,un comité fonctionnel,Cela désigne la procédure décrivant les différentes instances de réunion prévues dans le cadre du projet ou d'un contrat.,3
G2,Qu'est ce qu'un comité de suivi des activités de maintenance (CORUN)?,"Suivre les actions d’exploitation et de maintenance, traiter les difficultés opérationnelles rencontrées",suivi des incident,une cellule de crise,1
G3,Qu'est ce qu'un comité stratégique (COSTRAT)?,Une cellule de crise,une instance fonctionnelle,"Définir la stratégie de l’entreprise ou du client, S’assurer que les projets sont en accord avec la stratégie",3
G4,Qu'est ce qu'un Le comité de pilotage (COPIL)?,Un comité incident,"Suivre l’avancement du projet ou du contrat, suivi opérationnel, financier et technique ",comité RH,2
G5,Doit-on rédiger un compte-rendu ou RIDA  à chaque instance de réunion ?,oui ,non,,1
G6,Qu'est ce qu'un Comité consultatif sur les changements (CAB)?,"C'est un ensemble de personnes ayant pour mission d'évaluer les changements apportés à l'environnement informatique, et de valider ou pas celui-ci.",un point ou l'on statut sur les problèmes,un point ou l'on statut sur les incident,1
G7,Que signifie le terme RACI ?,"Référé, Autorité, Construire, Informé","Réalisateur, Autorité, Consulté, Informé","Réalisateur, Arbitré, consulté, Installé",2
G8,A quoi sert une RACI ?,"Elle permet, en amont, de préciser le rôle de chacun et l’étendue de sa mission",Elle définie un fonctionnement budgétaire,Un réunion d'équipe,1
G9,Que signifie PAQ ?,Plan d’Assurance Qualité,Plan Autorité Qualité,Plan Autorisé Quantité,1
G10,Qu’est-ce qu'un PAQ ?,Plan d'execution et d'assurance,C'est un document évolutif qui définit précisément ce qu’un prestataire doit faire et dans quel contexte,Document qui défini les licences logiciel,2
G11,Le PAQ est il un document important ?,Oui ,Non,,1
G12,Que signifie PAS ?,Plan Assurance Sécurité,Plan Autorité Sécurité,Plan Assurance Suivi,1
G13,Qu’est-ce qu'un PAS ?,Un document de synthèse sur les incident Cyber,Cela précise dequel manière les prestataires se conforment aux exigences de cybersécurité définies par le maître d’ouvrage pour ce qui concerne leur organisation et leur système d’information (SI).,Un Plan d'Assurance Sécurité,2
G14,Que signifie KPI ?,Key Performance Indicator,Key Process Indicator,Indicateur Clé de Performance,1 et 3
G15,Qu’est-ce qu'un KPI?,"Des données servant à apprécier l’efficacité du travail accompli, dans l’optique d’atteindre un objectif précis.",Des indicateur de processus,Un composant d'infrastructure,1
G16,Que signifie SLA ?,Service Level Agrement,Sector Level Agrement,Service Legal Autority,1
G17,Qu'est-ce qu'un SLA (Service Level Agreement) ?,Un document qui décrit comment installer un système.,"Un accord qui définit les niveaux de service 
attendus entre un fournisseur et un client.","Une méthode pour résoudre les problèmes 
techniques rapidement.",2
G18,Pourquoi est-il crucial de respecter les SLA ,"Pour maintenir la satisfaction et la confiance du client : Le respect des SLA garantit que les engagements pris sont tenus, ce qui maintient la satisfaction et la confiance du client",Pour éviter les pénalités financières,Pour impressionner les concurrents.,1
G19,Quel est l'objectif principal d'un SLA ?,"Définir les niveaux de service globaux, y compris disponibilité, performance, et support.",Identifier les incidents les plus fréquents dans un système.,Former les utilisateurs sur les nouvelles technologies.,1
G20,Que signifie PCA ?,Plan Correctif d'Activité,Plan Continuité d'Activité,Plan de Collecte d'Activité,2
G21,Qu’est-ce qu'un PCA?,Un Plan Climatique Avancé,Un plan de reprise d'activité,Des mesures préventives ainsi que des procédures d’urgence visant à préserver la continuité d’activité.,3
G22,Que signifie PRA ?,Process Reporting Autority,Plan de Reprise d’Activité,Plan de restitution Active,2
G23,Qu’est-ce qu'un PRA ?,Un plan détaillé qui permet de rétablir les systèmes ou infrastructures après un sinistre.,Un plan de production de l'ordonnanceur,Un module dans l'active-directory,1
G24,Quelle est la principale différence entre un SLA et une GTR ?,"Le SLA couvre l'ensemble des niveaux de service, tandis que la GTR se concentre uniquement sur le temps de résolution des incidents.","La GTR définit tous les niveaux de service, tandis que le SLA se concentre uniquement sur les délais de réponse.","Il n’y a aucune différence, ce sont des termes interchangeables.",1
G25,Pourquoi un SLA est-il important chez CA-GIP ?,Pour définir et garantir les attentes globales de service envers le Client.,Pour réduire les coûts de maintenance des équipements.,Pour éliminer tous les incidents possibles.,1
G26,Dans quel document trouve-t-on généralement une GTR ?,Dans un manuel utilisateur.,Dans la convention de services.,Dans un contrat de vente de matériel.,2
G27,Peut-on avoir un SLA sans GTR ?,"Non, ils doivent toujours être ensemble.","Oui, un SLA peut exister sans inclure de GTR, mais il serait moins précis sur les temps de résolution.",Cela dépend uniquement du type de service proposé.,2
G28,Dans quel contexte utilise-t-on la GTR ?,Dans les contrats de maintenance pour assurer une intervention rapide en cas de panne.,Pour les activités où le temps de résolution n’est pas critique.,Uniquement pour les systèmes sans contrat de service.,1
G29,Quel est le principal avantage d'avoir une GTR dans un contrat de service ?,Assurer la satisfaction des utilisateurs en garantissant une restituion du service dans les  délais convenu.,Augmenter les coûts de maintenance.,Éviter les réparations rapides.,1
G30,Que garantit la GTR (Garantie de Temps de Résolution) dans un contrat de maintenance informatique ?,Que les réparations sont effectuées de manière informelle.,Que les problèmes sont résolus dans le temps convenu pour minimiser l'impact sur les opérations.,Que les délais ne sont pas respectés.,2
G31,Que se passe-t-il si une GTR n’est pas respectée dans un contrat de service ?,Cela n'a pas de conséquences.,Il peut y avoir des pénalités financières et une perte de confiance de la part des clients.,Le service continue comme prévu.,2
G32,Pourquoi inclure une GTR dans un SLA ?,"Pour spécifier précisément le délai dans lequel les incidents doivent être résolus, assurant ainsi une meilleure gestion des pannes.",Pour augmenter les coûts du contrat.,Pour ne jamais avoir à résoudre les incidents rapidement.,1
