Numéro,Thème/Question,Réponse 1,Réponse 2,Réponse 3,Réponse 4,Bonne réponse
ID,One Team,,,,,
OT1,"Que signifie pour vous l'approche ""OneTeam"" ?  ",Permet à l'équipe de collaborer de manière fluide avec un objectif commun  ,Encourager la compétition entre les membres de l'équipe  ,Garantir la stabilité et l'efficacité des services de production  ,Créer des sous-équipes indépendantes sans collaboration  ,1
OT2,"Quels sont les avantages d'une approche ""OneTeam"" dans la gestion de la production ?  ",Améliorer la communication et la transparence entre les équipes  ,Détection rapide des problèmes et une meilleure gestion des incidents  ,Favorise l'engagement des équipiers  ,Augmente la hiérarchisation des tâches et des rôles  ,"1,2,3"
OT3,"Est-ce que l'approche ""OneTeam"" facilite la gestion des incidents en production ?  ",Favorise la collaboration entre les différentes personnes de l'équipe  ,Améliore le temps moyen de résolution des incidents  ,Diminue la nécessité de communication entre les membres  ,Augmente la charge de travail pour chaque membre  ,1.2
OT4,"Comment assurer une meilleure communication dans une approche ""OneTeam"" ?  ",Comprendre l'organisation de CAGIP  ,Partager l'information de manière transparente et régulière  ,Maintenir en tant qu'opérationnel mon niveau de connaissances techniques et applicatives  ,Limiter la diffusion d'information aux chefs d'équipe uniquement  ,"1,2,3"
OT5,"Comment l'approche ""OneTeam"" impacte l'intégration continue (CI) et le déploiement continu (CD) ?  ",Fluidifier la communication entre le développeur et l'opérationnel  ,Anticiper les problèmes liés au déploiement en production grâce à la collaboration inter-équipes  ,Encourager le développement indépendant sans consultation  ,Réduire les interactions entre les équipes techniques et opérationnelles  ,1.2
OT6,"Comment gérer la connaissance dans une équipe ""OneTeam"" pour centraliser la documentation ?  ",Via WIKI  ,Via Confluence  ,Tout le monde accède à la même base de connaissances  ,La documentation est uniquement réservée aux managers  ,"1,2,3"
OT7,"Quelle posture adopter dans une équipe ""OneTeam"" ?  ",Adopter une posture solidaire avec les collègues CAGIP  ,Exercer un devoir et droit d'alerte  ,Adopter une posture de conseil  ,Travailler de manière indépendante sans tenir compte des autres  ,1.2
OT8,"Comment l'approche ""OneTeam"" influence la culture d'entreprise ?  ",Favoriser une culture plus collaborative et moins hiérarchique  ,Les équipes travaillent ensemble et partagent les succès comme les échecs  ,Renforce la responsabilité collective  ,Créer des silos d'information au sein de l'organisation  ,"1,2,3"
