Numéro,Thème/Question,Réponse 1,Réponse 2,Réponse 3,Réponse 4,Bonne réponse,Niveau de difficulté
ID,Incident ,,,,,,
PF1,Que fait on lors d'un incident majeur ?,Je priorise l'incident sur toutes autres activités,J'interviens après ma réunion,Je rajoute l'incident a mon backlog avec un traitement au fil de l'eau,,1,
PF2,Quel est l'Objectif principal lors de la gestion d'un incident?,Identifier la root cause de l'incident,Rétablir le service dès que possible et minimiser l'impact pour le métier ,Maintenir la satisfaction des utilisateurs au travers de la qualité de service ,Envoyer un état d'avancement à mon manager,2,Facile
PF3,"Dans le cadre de la gestion d'un incident, quels sont les cas dans
 lesquelles une escalade managériale est nécessaire?",Incapacité à résoudre l'incident dans les délais impartis,Impact majeur sur les activités de l'entreprise,Amélioration continue du processus,Nécessite de mobiliser des ressources supplémentaires ,1 et 2 et 4,Facile
PF4,Un post-Mortem est un document qui explique les causes/origines d'un incident majeur,TRUE,FALSE,,,1,Facile
PF5,Un post-mortem doit être diffusé à J+7 de la fin de l'incident,TRUE,FALSE,,,1,Moyen/Difficle
PF6,Un incident majeur se définit comme ,"Un incident à très fort impact (indisponibilité ou forte dégradation du service)
nécessitant une organisation de traitement spécifique ","Un incident majeur est une perturbation
 aléatoire du service métier",Une dégradtion du service,Un changement à for impact sur l'infrastructure qui nécessite une validation au CAB,1,Moyen/Difficle
PF7,"En cas d'incident P1, les communications doivent être envoyées :",Toutes les heures,Immédiatement à l'ouverture de l'incident et toutes les 10min jusqu'à la résolution,1ère communication dans les 30min puis toutes les 2 heures  ; Dernière communication correspond à la validation de la résolution,1ère Communication dans les 15’min; Toutes les heures ensuite et/ou à chaque étape importante du traitement ; Dernière communication correspond à la validation de la résolution.,4,Moyen/Difficle
PF8,Qu'est ce qu'un incident (ITIL) ?,tout événement imprévu qui perturbe ou interrompt le fonctionnement normal d’un service informatique.,un problème informatique,,,1,
PF9,Qu'est ce que ITIL ?,Une norme de développement,une méthode de travail,un ensemble de compétences organisationnelles spécifiques qui visent à créer de la valeur pour les clients finaux sous forme de services.,,3,
PF10,Que signifie ITIL ?,"Information,Technique, Infrastructure, Légacy","Information, Technology, Infrastructure, Library","Informatique,Technique, Infrastructure, Legal",,2,
PF11,Que signifie le terme CCO ?,Cellule de Crise Opérationnelle,Cellule de Crise Orienté,Cellule de crise organisée,,1,
PF12,Que signifie le terme CCD ?,Cellule de Création et de Décommissionement,Cellule de Crise Décisionnelle,"Création, Confirmité et décommissionemet",,2,
PF13,Que signifie le terme CCC ?,Cellule de Crise Cadré,Cellule de Crise Client,Cellule de Confirmité  Client,,2,
PF14,Quel est le rôle d'un incident manager ?,A coordonner,A prendre des notes,A communiquer ,,"1, 2 et 3",
PF15,Qu'est ce qu'un post-mortem ou REX ?,une communication sur l'incident en cours,Un rapport sur le nombre d'incident,un rapport écrit d'un incident qui décrit : L'impact de l'incident. Les actions prises pour réduire ou résoudre l'incident. La cause profonde de l'incident. Les actions de suivi prises pour éviter une ré-occurrence de l'incident.,,3,
PF16,Qu'est ce qu'une communication incident ?,Consiste à alerter les utilisateurs lorsqu'un service est touché par une panne ou des performances dégradées.,Un mail aux équipes support METIS,,,1,
PF17,Que doit contenir un communication incident P1/P2,"Description de l'impact, statut root cause, indentification d'un contournement, statut résolution et delai rétablissement",Un diagramme de l'incident,,,1,
PF18,Quel est le but d'un ticket incident ?,De gérer un problème,Conciste à formaliser l'incident dans l'outil de ticketing,De résoudre un incident,,2,
PF19,Qu'est-ce qu'une GTR (Garantie de Temps de Résolution) ?,Un contrat pour acheter du matériel informatique.,Un outil pour surveiller la performance du réseau.,"Une garantie sur la durée maximale pour résoudre 
un incident après sa déclaration.",,3,
PF20,Quel est l'objectif principal d'une GTR ?,Assurer que les mises à jour logicielles soient faites à temps.,Fixer un délai maximal pour résoudre un problème ou un incident.,Gérer la performance des serveurs.,,2,
PF21,Quel est le principal objectif de la GTR (Garantie de Temps de Résolution) ?,Garantir que les incidents sont résolus dans un délai prédéfini et convenu et ne dépassant pas celui-ci.,Résoudre les problèmes quand on a le temps.,Ne pas se soucier du temps nécessaire pour résoudre un problème.,,1,
PF22,Pourquoi est-il crucial de respecter la DIMA chez CA-GIP ?,Pour éviter les interruptions prolongées qui pourraient causer des pertes financières ou opérationnelles.,Pour maximiser les temps d'arrêt du système.,Pour éviter d'investir dans des solutions de secours.,,1,
PF23,Quelle situation montre l'importance de la DIMA (Durée Maximale d'Interruption Admissible) ?,Lorsque l'arrêt d'un service web ne cause aucune conséquence sur les utilisateurs.,Lorsqu'un système critique ne doit pas être interrompu plus longtemps que la durée maximale définie pour éviter des impacts graves.,Lorsque l'interruption n'a aucune conséquence sur le système.,,2,
PF24,Pourquoi est-il important de définir une DIMA pour un système critique ?,Pour permettre des interruptions régulières sans impact.,Pour planifier des solutions de contournement ou de redémarrage rapide afin de respecter les délais d'interruption admissibles.,Pour éviter d'avoir des systèmes de secours.,,2,
PF25,Pourquoi la DIMA est-elle particulièrement critique dans les secteurs comme la finance ou la santé ?,Parce que ces secteurs n’ont pas de besoins spécifiques en matière de continuité.,"Parce que ces secteurs ne tolèrent pas de longues interruptions, ce qui pourrait mettre en péril la sécurité ou les finances.",Pour permettre des interruptions plus longues sans planification.,,2,
,Problème,,,,,,Facile
PF26,Quel est le rôle d'un problème manager ?,A gérer les incidents,"Au suivi des plans d'action définis dans un problème, ainsi que les problème",A l'analyse et la résolution de l'incident,,2,
PF27,Qu'est ce qu'un problème (ITIL) ?,un incident informatique,C'est une cause sous-jacente ou une origine récurrente qui provoque un ou plusieurs incidents.,un model de communication,,2,
PF28,Doit on ouvrir un problème pour tous les incidents majeurs.,TRUE,FALSE,,,TRUE,Facile
PF29,Quels sont les objectifs d'un problème ?,Résoudre un incident,Réduire la réccurence et l'impact d'un incident,Sécuriser le déploiement des opérations,,2,Facile
PF30,Un problème peut être :,Proactif,DIsruptif,Réactif,Constructif,1 et 3,Facile
PF31,"Des incidents de priorité P1,P2,P3 ou P4 peuvent donner lieu à un problème",TRUE,FALSE,,,1,Moyen/Difficle
PF32,Uniquement les incidents de priorité P1 et P2 peuvent donner lieu à un problème,TRUE,FALSE,,,2,Moyen/Difficle
,CHANGEMENT,,,,,,
PF33,Qu'est ce qu'un changement (ITIL) ?,"C'est l'ajout, la modification ou la suppression de tout ce qui pourrait avoir un effet direct ou indirect sur les services ou système de la production informatique.",Exécuter de tâches sans tenir compte des contraintes de temps.,De faire des modification sur la production,,1,
PF34,Quel est l’un des principaux avantages d'un changement ?,Permettre des intégrations sans documentation.,La tracabilité de toute modification réaliser sur la production,De faire des modification sur la production,,2,
PF35,Quel est le rôle principal d'un changement ?,Exécuter les tâches sans tenir compte des contraintes de temps.,Que toutes les actions réalisé sont maitrisées ainsi que les rique sur la production,Augmenter la vitesse de traitement au détriment de la fiabilité.,,2,
PF36,Dans quelle instance valide t'on un changement ?,lors d'un point d'équipe,Lors du CAB ou celui -ci sera expliqué et débattu en terme de rique,Lors d'un point tribu,,2,
PF37,Que trouve t'on comme livrables dans un changement ?,Aucun le changement sert de livrable,Les action réalisées uniquement,"Nous avons la feuille de route, les test , le plan de retour arrière et l' évaluation des risque ",,3,
PF38,Que trouve t'on dans un changement ?,"L'ensemble des livrable Pré-requis pour la réalisation de celui-ci, les créneaux horraire, Ainsi que les acteur prévu pour les action",Les créneaux horraires,l'ensemble des livrables,,1 et 2,
PF39,Qui valide un changement ?,Le responsable pocessus ,Le change manager,le responsable d'équipe,,2,
PF40,"En cas de modification sur la production (hors incident) 
que dois je faire ?",un mail d'information,Un changement et je demande à passer au CAB,"je réalise mes modification sans tenir compte des contraintes,",,2,
PF41,Une requête permet de traiter un incident.,TRUE,FALSE,,,FALSE,Facile
PF42,Il existe des requêtes au catalogue soumises à approbation.,TRUE,FALSE,,,TRUE,Facile
PF43,Une requête est :,Un changement urgent,Un mail aux équipes support METIS,Une demande cataloguée pour laquelle il existe une procédure prédéfinie et approuvée,Une modification d'un élément de configuration,3,Facile
PF44,"Un changement normal significatif, majeur peut être exécuté le jour même de sa création",TRUE,FALSE,,,1,Moyen/Difficle
PF45,Quels sont les pré-requis pour que mon changement normal dans METIS soit conforme pour être approuvé,"Avoir une procédure de rollback, un chronograme et des tests","Avoir créé le ticket en statut ""Draft""","Avoir passé le ticket en statut ""Autorisé""",Avoir la validation de mon management,1,Moyen/Difficle
PF46,"Lors de l'exécution d'un changement, je suis la feuille de route prévue mais une problématique intervient. Que dois-je faire ?",Je continue mon opération car ma feuille de route a été approuvée,J'arrête l'opération,J'escalade à mon management pour prise de décision,J'effectue directement un rollback,3,
PF47,Un changement a été exécuté correctement et le ticket est fermé dans METIS. Un incident majeur survient suite à ce changement et un rollback est effectué par la suite. Que faire du ticket changement dans METIS ?,Je mets à jour le code de clôture dans METIS pour préciser le rollback,"Je laisse le code de clôture à ""Succès"" dans METIS car mon opération été exécutée correctement",Je ne m'occupe plus de METIS car mon changement est fermé,Je ne dois pas remplir de code de clôture dans METIS,1,
PF48,J'ai un incident en production et je dois effectuer une modification de l'infrastructure pour rétablir le service. Je dois :,Exécuter mon opération en production car il faut résoudre l'incident,Exécuter l'opération en faisant un changement urgent,Avoir la validation du DG avant d'exécuter ce type d'opération,Je dois faire un changement standard,2,
PF49,"En cas d'incident majeur suite à un changement, la PIR complémentaire est obligatoire ?",TRUE,FALSE,,,TRUE,
PF50,"En cellule de crise, l'exécution d'un changement est validée pour résoudre un incident. Je dois :",Exécuter l'opération car validée en cellule de crise et ensuite faire un changement urgent dans METIS pour régulariser,Exécuter l'opération car validée en cellule de crise et donc pas besoin de ticket METIS dans ce cas,Demander l'approbation de mon management avant d'exécuter l'opération validée par la cellule de crise,Faire un changement urgent dans METIS et attendre sa validation avant d'exécuter l'opération,1,
,CMDB,,,,,,Facile
PF51,La CMDB est un emplacement centralisé et commun pour stocker les éléments de configuration (CI) et les informations asscociées ,TRUE,FALSE,,,1,Facile
PF52,Un élément de configuration est tout composant géré dans une infrastructure  informatique . Cela peut inclure:,Uniquement des éléments matériels,"Des éléments  matériel, logiciel, documents et services",Uniquement des éléments de type technique,Des éléments de type Métier et Technique,2 et 4,Facile
PF53,La CMDB aide à évaluer les risques associés à un changement en fournissant une compréhension claire des dépendances entre les CIs ,FALSE,TRUE,,,2,Facile
PF54,La mise à jour de la CMDB est nécessaire:,Après des changements importants ,Suite à des audits,Si un incidents majeur se produit et que des modifications sont effectuées pour résoudre ce problème,Uniquement suite à des changements infrastructures,"1,2 et 3",Facile
PF55,Que signifie l’acronyme CMDB ?,Connection Moyenne DataBase,Configuration Management DataBase,Configuration Moyen DataBase,,2,
PF56,Dans quel processus (ITIL) la CMDB est-elle géré et détaillée ?,Dans la gestion des actifs et des configurations,Dans la gestion des Processus,Dans les bases de données,,1,
PF57,Quelle est la valeur attendue de la gestion d’une CMDB ?,Faciliter la gestion des éléments de configurations (relations comprises),Permettre une analyse d’impact efficace,La gestion interne d'une base de données,,1 et 2,
PF58,Que gère-t-on dans une CMDB,Des bases de données,des processus,Des éléments de configuration,,3,
PF59,Le ou lesquelles sont des outils/produits permettant la gestion d’une CMDB,ServiceNow,BMC Remedy,Asset center,,1 et 2,
,Catalogue des demandes/Requête,,,,,,Moyen/Difficle
PF60,Une requête est toujours traitée par un changement standard.,TRUE,FALSE,,,FALSE,Moyen/Difficle
PF61,"Pour faire évolution une offre dans le catalogue, je contacte :",Le support METIS,Mon gestionnaire de processus,Mon manager,Le référent de l'offre,2 et 4,Moyen/Difficle
PF62,Le groupe de support d'une requête au catalogue est,Non obligatoire,En charge du changement,En charge de la réalisation des tâches de la requête,En charge de l'approbation de la requête,3,Moyen/Difficle
PF63,"Pour traiter une requête qui entraine la création, la modification ou la suppression d'un élément de configuration de l'infrastructure",J'exécute l'opération demandée et je ferme la requête ,J'exécute un changement que je trace dans METIS avec les bons niveaux d'approbation (en fonction du type de changement),Je demande une validation au manager du demandeur,Je demande une validation à mon manager,2,Moyen/Difficle
PF64,"J'ai besoin d'assisance sur l'usage de METIS, j'ouvre un incident",TRUE,FALSE,,,FALSE,Moyen/Difficle
PF65,Qu’est-ce que la gestion des services informatiques (ITSM) ?,"consiste à planifier, mettre en œuvre, gérer et optimiser les services informatiques pour répondre aux besoins des utilisateurs et aider les entreprises à atteindre leurs objectifs stratégiques.",Faciliter la gestion des éléments de configurations (relations comprises),Si un incidents majeur se produit et que des modifications sont effectuées pour résoudre ce problème,,1,
,ERREUR HUMAINE,,,,,,
PF66,Quel est l’importance de bien comprendre les consignes ?,Permettre des intégrations sans documentation.,D'éviter l'erreur humaine sur l'application de celle-ci,De faire des modification sur la production,,2,
PF67,Quel est l'une des principales cause d'erreur humaine?,Exécuter les tâches sans tenir compte des contraintes,faire des modification en production,Le manque d'attention a ce que l'on fait,,3,
PF68,Quel est l'un des cas les plus fréquent d'erreur humaine ?,la réalisation d'une action,le non respect des consignes,la modification en prod,,2,
