Numéro,Thème/Question,Réponse 1,Réponse 2,Réponse 3,Réponse 4,Bonne réponse,Niveau de difficulté
ID,Risque ,,,,,,
RS1,Les activités principales des Risques IT sont structurées en 3 blocs organisationnels interdépendants :,"Cybersécurité
Obsolescence et Vulnérabilité
Contrôle permanent","- Fonction CISO (Sécurité des Systèmes d'Information)
- Fonction Management des Risques IT (Cartographie des risques, filière référents sécurité Clusters)
- Suivi opérationnel des recommandations d’Audit CA-GIP ","Gestion des incidents et problèmes
Patch management
Gestion des frozen zone","Gestion des plans de secours (PSSI)
Gestion de la résilience (DRP)
Gestion des vulnérabilités",2,
RS2,"L'activité Risque IT CA-GIP intervient en première ligne, en collaboration étroite avec le Centre Opérationnel de Cyberdéfense CA-GIP",TRUE,FALSE,,,TRUE,
RS3,La vision globale des risques CA-GIP est portée par :,Le Centre Opérationnel de Cyberdéfense ,Le CISO Groupe,Le Socle Cyberdéfense, L'équipe « Contrôle Permanent Risques »,4,
RS4,Les missions de l'équipe Cyber Sécu de CA-GIP sont : (plusieurs réponses possibles),Garantir le respect des cahiers des charges sécuritaires et de la maîtrise des Risques Informatiques,"Piloter les incidents de sécurité impactant les services SI offerts par CA-GIP ou 
utilisés pour son propre compte est centralisé par CA-GIP","Rendre compte de la situation sécuritaire de CA-GIP aux clients, au Groupe, aux autorités",Définir la stratégie d'évolution de la sécurité de CA-GIP ,"1,3 et 4",
RS5,Que signifie VCE ?,Une vulnérabilité critique exploitable,Une vulnérabilité d'un composant exploitable,Une véritable criticité d'entreprise,Une vulnérablité critique d'entreprise,1,
RS6,Le traiement des VCE est prioritaire par rapport aux évolutions métier de mon périmètre,VRAI ,FALSE,,,TRUE,
RS7,TENABLE est un outil pour réaliser les tests de vulnérabilité  des serveurs ,Vrai ,FALSE,,,TRUE,
,Cyber sécu,,,,,,
RS8,Que faire si je reçois un SMS de provenance inconnue ? (plusieurs réponses possibles),"Je ne clique pas sur les liens et je n’ouvre pas de documents dans les sms 
suspects",Je ne réponds pas au sms,"Je contacte l'émetteur par un autre canal déjà établi pour vérifier l’authenticité 
du message",Je communique mon adresse mail professionnelle,"1,2 et 3",
RS9,Que faire si je reçois un mail de provenance inconnue ? (plusieurs réponses possibles),Je réponds au mail, Je ne clique pas sur les liens ou les pièces jointes dans les mails suspects,"En cas de doute,  je transfère le mail en pièce-jointe au SOC",Je ne réponds pas au mail,"2, 3 et 4",
RS10,Quels sont les niveaux de confidentialité des données ? (plusieurs réponses possibles),Extrêmement confidentiel,Hautement confidentiel,Public,Usage interne,"2, 3 et 4",
RS11,Comment procéder si j'ai besoin d'installer un logiciel ?,J'ouvre mon navigateur et je cherche le logiciel sur Google,Je branche une clé USB contenant le logiciel," Je regarde dans le catalogue applicatif s’il est disponible, sinon je fais une demande METIS.",,3,
RS12,"Quelle est la procédure à suivre pour assurer la prise de connaissance 
de la documentation cybersécurité par les nouveaux arrivants (Interne & Externe) ?"," Les nouveaux arrivants doivent recevoir un Welcome Pack 
comprenant uniquement les fiches réflexes","Les prestataires doivent passer un quiz sur Forms 
après avoir consulté le Welcome Pack prestataire
Les internes doivent lire la Politique de sécurité 
des systèmes d'information et le code de conduite CA-GIP",,,B (vrai),
RS13,"Lors de la gestion d'un projet, quelles mesures 
de sécurité doivent être prises en compte ?","Consulter le guichet Accompagnement Risques et 
Sécurité (ARS) pour identifier les risques.","Assurer une mise à jour des logiciels 
sans passer par l'ARS.",Ignorer les enjeux de sécurité pour les petits projets.,"Inclure systématiquement les enjeux de 
sécurité dans la planification du projet.","A, D (vrai),",
RS14,Comment communiquer efficacement sur l'organisation de la sécurité chez CA-GIP ?,Promouvoir les acteurs clés de la sécurité et leur rôle auprès des collaborateurs.,"S'assurer que chaque collaborateur puisse identifier 
le référent sécurité relatif à son périmètre.","Envoyer des newsletters mensuelles sur les
 nouvelles menaces de cybersécurité.",,"A, B",
RS15,Quels sont les éléments essentiels pour gérer efficacement les besoins en matière de cybersécurité ?,"Attendre que les incidents de sécurité surviennent 
avant de définir les besoins.",Ignorer les nouveaux besoins en matière de cybersécurité pour éviter des dépenses inutiles.,"Communiquer les besoins en cybersécurité 
au référent sécurité pour initier les actions nécessaires.",,C,
RS16,"Comment promouvoir efficacement la sensibilisation à la 
cybersécurité auprès des collaborateurs","Exiger que les collaborateurs suivent les sessions 
de sensibilisation et formations attribuées.","Ignorer les formations pour les collaborateurs 
ayant plus de 5 ans d'ancienneté.","Diffuser l'adresse 
CA-GIP_Communication_Cybersecurite@CA-GIP.fr 
pour toutes les questions relatives à la cybersécurité.",,"A, C",
RS17,Quelles sont les responsabilités du chargé du suivi des recommandations d'audit CA-GIP ?,S'assurer que les preuves fournies sont en adéquation avec les attendus des auditeurs.,Aider les porteurs de recommandations à planifier les actions de remédiation.,"Ne pas participer aux étapes de restitution 
liées à une nouvelle mission d'audit.",Prendre part active dans l'élaboration du reporting destiné aux différentes directions.,"A, B, D ",
RS18,Quel document n'est pas inclus dans le Welcome Pack destiné aux prestataires ?,Les règles de sécurité CA-GIP relatives aux prestataires au format vidéo.,Le Passeport Cybersécurité.,La Charte RGPD Prestataires., Le guide d'utilisation des logiciels Métier,"A,B,C",Difficile
RS19,Pourquoi est-il important d'intégrer la sécurité dès le début d'un projet ?,Pour répondre uniquement aux exigences légales.,"Pour anticiper les risques et éviter des
 incidents de sécurité.","Pour réduire les coûts en évitant les 
révisions post-projet.",Pour améliorer la qualité globale du projet.,"B, D ",
RS20,Quels moyens peuvent être utilisés pour promouvoir les acteurs clés de la sécurité chez CA-GIP ?,Organiser des ateliers et séminaires sur la cybersécurité.,Afficher les informations des référents sécurité dans les espaces communs.," Limiter l'accès aux informations des référents 
sécurité pour des raisons de confidentialité.",Inclure une section dédiée à la sécurité dans la newsletter interne.,"A, B, D ",
RS21,"Lors de la planification du budget pour la cybersécurité, quelle pratique est recommandée ?",Consulter le référent sécurité avant de définir le budget,Allouer une part flexible du budget selon les besoins identifiés en cours d'année,"Réduire les dépenses liées à la cybersécurité 
pour minimiser les coût projet",Inclure des marges pour les nouvelles menaces ou besoins imprévus,"A, B, D ",
RS22,Pourquoi est-il essentiel que les collaborateurs suivent régulièrement des formations en cybersécurité ?,Pour s'assurer que les collaborateurs sont au courant des dernières menaces,Pour permettre aux collaborateurs d'obtenir une certification en cybersécurité,"Pour améliorer leur productivité en réduisant les
 interruptions dues aux incidents de sécurité",Pour que chaque collaborateur puisse devenir un référent sécurité.,"A, C ",
RS23,Comment intégrer la cybersécurité dans les objectifs individuels des collaborateurs ?,En fixant des objectifs spécifiques alignés avec la stratégie globale de CA-GIP,En réduisant la charge de travail pour se concentrer sur la cybersécurité.,,,A,
RS24,"Quel rôle joue le chargé du suivi des recommandations 
d’audit dans le cadre des missions d’audit ?",Il fournit directement des recommandations aux équipes auditées.,Il aide à planifier les actions de remédiation avec les porteurs de recommandations,Il vérifie la conformité des preuves fournies avec les attentes des auditeurs,Il ne participe pas aux étapes de restitution des audits.,"B, C ",
RS25,"Quel est un moyen efficace de répondre aux questions 
des collaborateurs sur la cybersécurité ?
",Envoyer un email collectif à tous les collaborateurs chaque semaine.,Utiliser une adresse email dédiée comme CA-GIP_Communication_Cybersecurite@CA-GIP.fr,Solliciter les moyens généraux,,B,
RS26,"Quelle est l'importance d'intégrer la cybersécurité dans 
les objectifs individuels des collaborateurs ",Cela permet de responsabiliser chaque collaborateur vis-à-vis de la sécurité de l'information.,Cela garantit que tous les collaborateurs suivent la stratégie globale de CA-GIP en matière de sécurité.,Cela augmente le risque d'incidents en surchargeant les collaborateurs,Cela rend les objectifs plus difficiles à atteindre,"A, B ",
RS27,"Quelle est la meilleure approche pour s'assurer que les 
politiques de sécurité sont bien comprises par tous les collaborateurs ",Les distribuer lors de réunions annuelles,Les inclure dans le Welcome Pack pour chaque nouvel arrivant,Former uniquement les managers sur ces politiques,,B,
RS28,Qui faut-il prévenir si l'on pense avoir cliqué sur un lien frauduleux?,Son manager,Ses clollègues,Les ressources humaines,L'équipe de sécurité informatique,4,
RS29,"Après avoir cliqué sur un mail de phishing, il n'est pas utile de prévenir l'équipe de sécurité ",Vrai ,FALSE,,,FALSE,
RS30,Quels indices permettent d'identifier un mail de phishing?,l'adresse mail de l'expéditeur,Le lien cliquable,L'absence de signature,les spamwords,"1,2,3 et 4",
RS31,Qu'est ce que le phishing,Consiste à obtenir illégalement des informations sensibles,Consiste à obtenir légalement des informations sensibles,Consiste à la création légalement d'une base d'informations sensibles,,1,
RS32,Qu'est ce qu'une attaques par déni de service et DDoS,Consiste à submerger les ressources d’un système jusqu’à ce qu’il soit incapable de répondre à des demandes de service légitimes.,Consiste à ne pas pouvoir mettre sont mot de passe,Consiste à créer une vulnérabilité pour lancer un autre type d’attaque,,1 et 3,
RS33,Qu'est ce qu'ne attaque de type Man-in-the-middle ou l’homme du milieu (MITM),"La récupération de coordonnées, type bancaire",Passer le portique en même temps que quelqu'un d'autre ,"Consiste d’écouter informatiquement les données envoyées entre deux personnes, réseaux ou ordinateurs.",,3,
RS34,Qu'est ce qu'un Ransomware,"Consiste à maintenir en otage le système jusqu’à l'acceptation de payer une rançon,",Consiste à bloquer l'acces au système,"Réclamer un rançon,",,"1, 3 et 2",
RS35,Qu'est ce qu'un Malware,un nouveau jeu,"un logiciel malveillant qui infecte un ordinateur et modifie son fonctionnement, détruit des données ou espionne l’utilisateur ou le trafic réseau.",Un mail frauduleux,,2,
RS36,Qu'est ce qu'un Trojans ou chevaux de Troie,Consiste à créer une vulnérabilité pour lancer un autre type d’attaque,Le nom du cheval grecque,"Consiste à utiliser un programme malveillant caché à l’intérieur d’un programme apparemment légitime, pour ouvrir une porte dérobée dans le système à travers laquelle les hackers peuvent pénétrer",,1 et 3,
,Incident de sécurité,,,,,,
RS37,Qu'est-ce qu'un événement de sécurité dans un système d'information ?,"Un changement d'état dans un système d'information 
qui peut indiquer un risque pour l'organisation.",Une mise à jour régulière du système sans impact sur la sécurité.,Une simple alerte générée par un antivirus sans conséquence réelle.,Un accès autorisé à des données par un utilisateur légitime.,A,
RS38,Quelle définition correspond à un incident de sécurité de l'information ?,"Un événement de sécurité indésirable ou inattendu 
qui pourrait compromettre les opérations de l'organisation",Un accès non autorisé aux informations par un employé de l'entreprise.,Un incident mineur sans impact sur les opérations de l'entreprise,Un incident de sécurité est toujours le résultat d'une attaque malveillante.,A,
RS39,Quels sont les critères DICP affectés par un incident de sécurité ?,Disponibilité,Intégrité, Confidentialité,Preuve/Traçabilité,"A, B, C, D",
RS40,"Si vous recevez une alerte de sécurité émise par le SOC, 
quelle est la première action à entreprendre ?",Ignorer l'alerte si elle ne vous semble pas urgente.,"Contacter immédiatement votre responsable 
pour confirmer l’alerte.","Vérifier si l'alerte correspond à un incident 
potentiel sur votre périmètre.",Attendre que le SOC vous contacte directement avec plus d'informations.,"B, C",
RS41,"Que devez-vous faire si vous constatez la perte d’une clé USB 
contenant des données personnelles sensibles ?","Informer immédiatement votre référent sécurité ou le 
Help Desk.","Tenter de récupérer les données par vos propres 
moyens.",Attendre de voir si la clé USB est retrouvée avant d’alerter qui que ce soit.,Informer la CNIL directement., A,
RS42,"Si vous recevez un email suspect qui pourrait être du phishing, 
quelle est la bonne action à effectuer ?",Ouvrir l'email pour vérifier son contenu,Signaler immédiatement l'email au SOC ou au Help Desk,Transférer l'email à vos collègues pour confirmation,Supprimer l'email sans en informer qui que ce soit,B ,
RS43,"Si vous découvrez que des données à caractère personnel ont été accidentellement divulguées, quelle est votre première étape ?",Signaler immédiatement la violation au référent sécurité ou au Help Desk,Informer les personnes concernées par la violation,Tenter de corriger l’erreur sans en informer qui que ce soit,Archiver les données pour éviter leur utilisation future,1,
RS44,Quelle est une bonne pratique pour prévenir les incidents de sécurité dans votre travail quotidien ?,"Utiliser des mots de passe forts et les changer régulièrement.
Conformément aux règles CA",Partager vos identifiants de connexion avec vos collègues pour faciliter le travail d’équipe,Installer des logiciels non approuvés si cela vous semble nécessaire,,1,
RS45,"Lorsque le SOC émet une alerte qui concerne directement
 votre périmètre, que devez-vous faire ?",Évaluer rapidement l'impact potentiel sur votre système.,Ignorer l’alerte si vous pensez qu’elle ne concerne pas votre travail,Informer vos supérieurs de l’alerte.,Fermer l'alerte après avoir évalué que tout est sous contrôle.,"1, 3",
RS46,"Lorsqu’un incident de sécurité est confirmé, quelle est la première priorité opérationnelle  ? ",Identifier la source de l'incident et tenter d'en limiter les conséquences,"Informer immédiatement toutes les équipes concernées, y compris la direction",Continuer à travailler normalement tant que l’incident ne vous impacte pas directement,Rédiger un rapport d'incident avant toute autre action,1,
,PSSI,,,,,,
RS47,Qu'est ce que PCI DSS?,Plan de Certification interne propre à CA-GIP,Payment  Card Industry Data Security Standard,Projet Certifié International de Développement des Standards de Sécurité,Programme Centralisé Interne de Diffusion Sécurisée du Système,2,
RS48,Qu'est ce qu'un PSI?,Plan de Sécurité Interne propre à CA-GIP,Plan de secours Informatique,Un plan qui permet de prévenir la fraude bancaire,Un plan qui permet de prévenir la perte de données critiques en mettant en place des procédures de sauvegarde efficaces,2 et 4,
