QuestionID,Reponse,ReponseCorrect
1,"Je priorise l'incident sur toutes autres activités",TRUE
1,"J'interviens après ma réunion",FALSE
1,"Je rajoute l'incident a mon backlog avec un traitement au fil de l'eau",FALSE
2,"Identifier la root cause de l'incident",FALSE
2,"Rétablir le service dès que possible et minimiser l'impact pour le métier ",TRUE
2,"Maintenir la satisfaction des utilisateurs au travers de la qualité de service ",FALSE
2,"Envoyer un état d'avancement à mon manager",FALSE
3,"Incapacité à résoudre l'incident dans les délais impartis",TRUE
3,"Impact majeur sur les activités de l'entreprise",TRUE
3,"Amélioration continue du processus",FALSE
3,"Nécessite de mobiliser des ressources supplémentaires ",TRUE
4,"VRAI",TRUE
4,"FAUX",FALSE
5,"VRAI",TRUE
5,"FAUX",FALSE
6,"Un incident à très fort impact (indisponibilité ou forte dégradation du service) nécessitant une organisation de traitement spécifique ",TRUE
6,"Un incident majeur est une perturbation aléatoire du service métier",FALSE
6,"Une dégradtion du service",FALSE
6,"Un changement à for impact sur l'infrastructure qui nécessite une validation au CAB",FALSE
7,"Toutes les heures",FALSE
7,"Immédiatement à l'ouverture de l'incident et toutes les 10min jusqu'à la résolution",FALSE
7,"1ère communication dans les 30min puis toutes les 2 heures  ; Dernière communication correspond à la validation de la résolution",FALSE
7,"1ère Communication dans les 15’min; Toutes les heures ensuite et/ou à chaque étape importante du traitement ; Dernière communication correspond à la validation de la résolution.",TRUE
8,"tout événement imprévu qui perturbe ou interrompt le fonctionnement normal d’un service informatique.",TRUE
8,"un problème informatique",FALSE
9,"Une norme de développement",FALSE
9,"une méthode de travail",FALSE
9,"un ensemble de compétences organisationnelles spécifiques qui visent à créer de la valeur pour les clients finaux sous forme de services.",TRUE
10,"Information,Technique, Infrastructure, Légacy",FALSE
10,"Information, Technology, Infrastructure, Library",TRUE
10,"Informatique,Technique, Infrastructure, Legal",FALSE
11,"Cellule de Crise Opérationnelle",TRUE
11,"Cellule de Crise Orienté",FALSE
11,"Cellule de crise organisée",FALSE
12,"Cellule de Création et de Décommissionement",FALSE
12,"Cellule de Crise Décisionnelle",TRUE
12,"Création, Confirmité et décommissionemet",FALSE
13,"Cellule de Crise Cadré",FALSE
13,"Cellule de Crise Client",TRUE
13,"Cellule de Confirmité  Client",FALSE
14,"A coordonner",TRUE
14,"A prendre des notes",TRUE
14,"A communiquer ",TRUE
15,"une communication sur l'incident en cours",FALSE
15,"Un rapport sur le nombre d'incident",FALSE
15,"un rapport écrit d'un incident qui décrit : L'impact de l'incident. Les actions prises pour réduire ou résoudre l'incident. La cause profonde de l'incident. Les actions de suivi prises pour éviter une ré-occurrence de l'incident.",TRUE
16,"Consiste à alerter les utilisateurs lorsqu'un service est touché par une panne ou des performances dégradées.",TRUE
16,"Un mail aux équipes support METIS",FALSE
17,"Description de l'impact, statut root cause, indentification d'un contournement, statut résolution et delai rétablissement",TRUE
17,"Un diagramme de l'incident",FALSE
18,"De gérer un problème",FALSE
18,"Conciste à formaliser l'incident dans l'outil de ticketing",TRUE
18,"De résoudre un incident",FALSE
19,"Un contrat pour acheter du matériel informatique.",FALSE
19,"Un outil pour surveiller la performance du réseau.",FALSE
19,"Une garantie sur la durée maximale pour résoudre un incident après sa déclaration.",TRUE
20,"Assurer que les mises à jour logicielles soient faites à temps.",FALSE
20,"Fixer un délai maximal pour résoudre un problème ou un incident.",TRUE
20,"Gérer la performance des serveurs.",FALSE
21,"Garantir que les incidents sont résolus dans un délai prédéfini et convenu et ne dépassant pas celui-ci.",TRUE
21,"Résoudre les problèmes quand on a le temps.",FALSE
21,"Ne pas se soucier du temps nécessaire pour résoudre un problème.",FALSE
22,"Pour éviter les interruptions prolongées qui pourraient causer des pertes financières ou opérationnelles.",TRUE
22,"Pour maximiser les temps d'arrêt du système.",FALSE
22,"Pour éviter d'investir dans des solutions de secours.",FALSE
23,"Lorsque l'arrêt d'un service web ne cause aucune conséquence sur les utilisateurs.",FALSE
23,"Lorsqu'un système critique ne doit pas être interrompu plus longtemps que la durée maximale définie pour éviter des impacts graves.",TRUE
23,"Lorsque l'interruption n'a aucune conséquence sur le système.",FALSE
24,"Pour permettre des interruptions régulières sans impact.",FALSE
24,"Pour planifier des solutions de contournement ou de redémarrage rapide afin de respecter les délais d'interruption admissibles.",TRUE
24,"Pour éviter d'avoir des systèmes de secours.",FALSE
25,"Parce que ces secteurs n’ont pas de besoins spécifiques en matière de continuité.",FALSE
25,"Parce que ces secteurs ne tolèrent pas de longues interruptions, ce qui pourrait mettre en péril la sécurité ou les finances.",TRUE
25,"Pour permettre des interruptions plus longues sans planification.",FALSE
26,"A gérer les incidents",FALSE
26,"Au suivi des plans d'action définis dans un problème, ainsi que les problème",TRUE
26,"A l'analyse et la résolution de l'incident",FALSE
27,"un incident informatique",FALSE
27,"C'est une cause sous-jacente ou une origine récurrente qui provoque un ou plusieurs incidents.",TRUE
27,"un model de communication",FALSE
28,"VRAI",TRUE
28,"FAUX",FALSE
29,"Résoudre un incident",FALSE
29,"Réduire la réccurence et l'impact d'un incident",TRUE
29,"Sécuriser le déploiement des opérations",FALSE
30,"Proactif",TRUE
30,"DIsruptif",FALSE
30,"Réactif",TRUE
30,"Constructif",FALSE
31,"VRAI",TRUE
31,"FAUX",FALSE
32,"VRAI",FALSE
32,"FAUX",TRUE
33,"C'est l'ajout, la modification ou la suppression de tout ce qui pourrait avoir un effet direct ou indirect sur les services ou système de la production informatique.",TRUE
33,"Exécuter de tâches sans tenir compte des contraintes de temps.",FALSE
33,"De faire des modification sur la production",FALSE
34,"Permettre des intégrations sans documentation.",FALSE
34,"La tracabilité de toute modification réaliser sur la production",TRUE
34,"De faire des modification sur la production",FALSE
35,"Exécuter les tâches sans tenir compte des contraintes de temps.",FALSE
35,"Que toutes les actions réalisé sont maitrisées ainsi que les rique sur la production",TRUE
35,"Augmenter la vitesse de traitement au détriment de la fiabilité.",FALSE
36,"lors d'un point d'équipe",FALSE
36,"Lors du CAB ou celui -ci sera expliqué et débattu en terme de rique",TRUE
36,"Lors d'un point tribu",FALSE
37,"Aucun le changement sert de livrable",FALSE
37,"Les action réalisées uniquement",FALSE
37,"Nous avons la feuille de route, les test , le plan de retour arrière et l' évaluation des risque ",TRUE
38,"L'ensemble des livrable Pré-requis pour la réalisation de celui-ci, les créneaux horraire, Ainsi que les acteur prévu pour les action",TRUE
38,"Les créneaux horraires",TRUE
38,"l'ensemble des livrables",FALSE
39,"Le responsable pocessus ",FALSE
39,"Le change manager",TRUE
39,"le responsable d'équipe",FALSE
40,"un mail d'information",FALSE
40,"Un changement et je demande à passer au CAB",TRUE
40,"je réalise mes modification sans tenir compte des contraintes,",FALSE
41,"VRAI",FALSE
41,"FAUX",TRUE
42,"VRAI",TRUE
42,"FAUX",FALSE
43,"Un changement urgent",FALSE
43,"Un mail aux équipes support METIS",FALSE
43,"Une demande cataloguée pour laquelle il existe une procédure prédéfinie et approuvée",TRUE
43,"Une modification d'un élément de configuration",FALSE
44,"VRAI",TRUE
44,"FAUX",FALSE
45,"Avoir une procédure de rollback, un chronograme et des tests",TRUE
45,"Avoir créé le ticket en statut ""Draft""",FALSE
45,"Avoir passé le ticket en statut ""Autorisé""",FALSE
45,"Avoir la validation de mon management",FALSE
46,"Je continue mon opération car ma feuille de route a été approuvée",FALSE
46,"J'arrête l'opération",FALSE
46,"J'escalade à mon management pour prise de décision",TRUE
46,"J'effectue directement un rollback",FALSE
47,"Je mets à jour le code de clôture dans METIS pour préciser le rollback",TRUE
47,"Je laisse le code de clôture à ""Succès"" dans METIS car mon opération été exécutée correctement",FALSE
47,"Je ne m'occupe plus de METIS car mon changement est fermé",FALSE
47,"Je ne dois pas remplir de code de clôture dans METIS",FALSE
48,"Exécuter mon opération en production car il faut résoudre l'incident",FALSE
48,"Exécuter l'opération en faisant un changement urgent",TRUE
48,"Avoir la validation du DG avant d'exécuter ce type d'opération",FALSE
48,"Je dois faire un changement standard",FALSE
49,"VRAI",TRUE
49,"FAUX",FALSE
50,"Exécuter l'opération car validée en cellule de crise et ensuite faire un changement urgent dans METIS pour régulariser",TRUE
50,"Exécuter l'opération car validée en cellule de crise et donc pas besoin de ticket METIS dans ce cas",FALSE
50,"Demander l'approbation de mon management avant d'exécuter l'opération validée par la cellule de crise",FALSE
50,"Faire un changement urgent dans METIS et attendre sa validation avant d'exécuter l'opération",FALSE
51,"VRAI",TRUE
51,"FAUX",FALSE
52,"Uniquement des éléments matériels",FALSE
52,"Des éléments  matériel, logiciel, documents et services",TRUE
52,"Uniquement des éléments de type technique",FALSE
52,"Des éléments de type Métier et Technique",TRUE
53,"FAUX",FALSE
53,"VRAI",TRUE
54,"Après des changements importants ",TRUE
54,"Suite à des audits",TRUE
54,"Si un incidents majeur se produit et que des modifications sont effectuées pour résoudre ce problème",TRUE
54,"Uniquement suite à des changements infrastructures",FALSE
55,"Connection ne DataBase",FALSE
55,"Configuration Management DataBase",TRUE
55,"Configuration  DataBase",FALSE
56,"Dans la gestion des actifs et des configurations",TRUE
56,"Dans la gestion des Processus",FALSE
56,"Dans les bases de données",FALSE
57,"Faciliter la gestion des éléments de configurations (relations comprises)",TRUE
57,"Permettre une analyse d’impact efficace",TRUE
57,"La gestion interne d'une base de données",FALSE
58,"Des bases de données",FALSE
58,"des processus",FALSE
58,"Des éléments de configuration",TRUE
59,"ServiceNow",TRUE
59,"BMC Remedy",TRUE
59,"Asset center",FALSE
60,"VRAI",FALSE
60,"FAUX",TRUE
61,"Le support METIS",FALSE
61,"Mon gestionnaire de processus",TRUE
61,"Mon manager",FALSE
61,"Le référent de l'offre",TRUE
62,"Non obligatoire",FALSE
62,"En charge du changement",FALSE
62,"En charge de la réalisation des tâches de la requête",TRUE
62,"En charge de l'approbation de la requête",FALSE
63,"J'exécute l'opération demandée et je ferme la requête ",FALSE
63,"J'exécute un changement que je trace dans METIS avec les bons niveaux d'approbation (en fonction du type de changement)",TRUE
63,"Je demande une validation au manager du demandeur",FALSE
63,"Je demande une validation à mon manager",FALSE
64,"VRAI",FALSE
64,"FAUX",TRUE
65,"consiste à planifier, mettre en œuvre, gérer et optimiser les services informatiques pour répondre aux besoins des utilisateurs et aider les entreprises à atteindre leurs objectifs stratégiques.",TRUE
65,"Faciliter la gestion des éléments de configurations (relations comprises)",FALSE
65,"Si un incidents majeur se produit et que des modifications sont effectuées pour résoudre ce problème",FALSE
66,"Permettre des intégrations sans documentation.",FALSE
66,"D'éviter l'erreur humaine sur l'application de celle-ci",TRUE
66,"De faire des modification sur la production",FALSE
67,"Exécuter les tâches sans tenir compte des contraintes",FALSE
67,"faire des modification en production",FALSE
67,"Le manque d'attention a ce que l'on fait",TRUE
68,"la réalisation d'une action",FALSE
68,"le non respect des consignes",TRUE
68,"la modification en prod",FALSE
69,"Cybersécurité Obsolescence et Vulnérabilité Contrôle permanent",FALSE
69,"- Fonction CISO (Sécurité des Systèmes d'Information)- Fonction Management des Risques IT (Cartographie des risques, filière référents sécurité Clusters)- Suivi opérationnel des recommandations d’Audit CA-GIP ",TRUE
69,"Gestion des incidents et problèmes Patch management Gestion des frozen zone",FALSE
69,"Gestion des plans de secours (PSSI) Gestion de la résilience (DRP) Gestion des vulnérabilités",FALSE
70,"VRAI",TRUE
70,"FAUX",FALSE
71,"Le Centre Opérationnel de Cyberdéfense ",FALSE
71,"Le CISO Groupe",FALSE
71,"Le Socle Cyberdéfense",FALSE
71," L'équipe « Contrôle Permanent Risques »",TRUE
72,"Garantir le respect des cahiers des charges sécuritaires et de la maîtrise des Risques Informatiques",TRUE
72,"Piloter les incidents de sécurité impactant les services SI offerts par CA-GIP ou utilisés pour son propre compte est centralisé par CA-GIP",FALSE
72,"Rendre compte de la situation sécuritaire de CA-GIP aux clients, au Groupe, aux autorités",TRUE
72,"Définir la stratégie d'évolution de la sécurité de CA-GIP ",TRUE
73,"Une vulnérabilité critique exploitable",TRUE
73,"Une vulnérabilité d'un composant exploitable",FALSE
73,"Une véritable criticité d'entreprise",FALSE
73,"Une vulnérablité critique d'entreprise",FALSE
74,"VRAI",TRUE
74,"FAUX",FALSE
75,"VRAI",TRUE
75,"FAUX",FALSE
76,"Je ne clique pas sur les liens et je n’ouvre pas de documents dans les sms suspects",TRUE
76,"Je ne réponds pas au sms",TRUE
76,"Je contacte l'émetteur par un autre canal déjà établi pour vérifier l’authenticité du message",TRUE
76,"Je communique mon adresse mail professionnelle",FALSE
77,"Je réponds au mail",FALSE
77," Je ne clique pas sur les liens ou les pièces jointes dans les mails suspects",TRUE
77,"En cas de doute,  je transfère le mail en pièce-jointe au SOC",TRUE
77,"Je ne réponds pas au mail",TRUE
78,"Extrêmement confidentiel",FALSE
78,"Hautement confidentiel",TRUE
78,"Public",TRUE
78,"Usage interne",TRUE
79,"J'ouvre mon navigateur et je cherche le logiciel sur Google",FALSE
79,"Je branche une clé USB contenant le logiciel",FALSE
79," Je regarde dans le catalogue applicatif s’il est disponible, sinon je fais une demande METIS.",TRUE
80," Les nouveaux arrivants doivent recevoir un Welcome Pack comprenant uniquement les fiches réflexes",FALSE
80,"Les prestataires doivent passer un quiz sur Forms après avoir consulté le Welcome Pack prestataireLes internes doivent lire la Politique de sécurité des systèmes d'information et le code de conduite CA-GIP",TRUE
81,"Consulter le guichet Accompagnement Risques et Sécurité (ARS) pour identifier les risques.",TRUE
81,"Assurer une mise à jour des logiciels sans passer par l'ARS.",FALSE
81,"Ignorer les enjeux de sécurité pour les petits projets.",FALSE
81,"Inclure systématiquement les enjeux de sécurité dans la planification du projet.",TRUE
82,"Promouvoir les acteurs clés de la sécurité et leur rôle auprès des collaborateurs.",TRUE
82,"S'assurer que chaque collaborateur puisse identifier le référent sécurité relatif à son périmètre.",TRUE
82,"Envoyer des newsletters mensuelles sur lesnouvelles menaces de cybersécurité.",FALSE
83,"Attendre que les incidents de sécurité surviennent avant de définir les besoins.",FALSE
83,"Ignorer les nouveaux besoins en matière de cybersécurité pour éviter des dépenses inutiles.",FALSE
83,"Communiquer les besoins en cybersécurité au référent sécurité pour initier les actions nécessaires.",TRUE
84,"Exiger que les collaborateurs suivent les sessions de sensibilisation et formations attribuées.",TRUE
84,"Ignorer les formations pour les collaborateurs ayant plus de 5 ans d'ancienneté.",FALSE
84,"Diffuser l'adresse CA-GIP_Communication_Cybersecurite@CA-GIP.fr pour toutes les questions relatives à la cybersécurité.",TRUE
85,"S'assurer que les preuves fournies sont en adéquation avec les attendus des auditeurs.",TRUE
85,"Aider les porteurs de recommandations à planifier les actions de remédiation.",TRUE
85,"Ne pas participer aux étapes de restitution liées à une nouvelle mission d'audit.",FALSE
85,"Prendre part active dans l'élaboration du reporting destiné aux différentes directions.",TRUE
86,"Les règles de sécurité CA-GIP relatives aux prestataires au format vidéo.",TRUE
86,"Le Passeport Cybersécurité.",TRUE
86,"La Charte RGPD Prestataires.",TRUE
86," Le guide d'utilisation des logiciels Métier",FALSE
87,"Pour répondre uniquement aux exigences légales.",FALSE
87,"Pour anticiper les risques et éviter des incidents de sécurité.",TRUE
87,"Pour réduire les coûts en évitant les révisions post-projet.",FALSE
87,"Pour améliorer la qualité globale du projet.",TRUE
88,"Organiser des ateliers et séminaires sur la cybersécurité.",TRUE
88,"Afficher les informations des référents sécurité dans les espaces communs.",TRUE
88," Limiter l'accès aux informations des référents sécurité pour des raisons de confidentialité.",FALSE
88,"Inclure une section dédiée à la sécurité dans la newsletter interne.",TRUE
89,"Consulter le référent sécurité avant de définir le budget",TRUE
89,"Allouer une part flexible du budget selon les besoins identifiés en cours d'année",TRUE
89,"Réduire les dépenses liées à la cybersécurité pour minimiser les coût projet",FALSE
89,"Inclure des marges pour les nouvelles menaces ou besoins imprévus",TRUE
90,"Pour s'assurer que les collaborateurs sont au courant des dernières menaces",TRUE
90,"Pour permettre aux collaborateurs d'obtenir une certification en cybersécurité",FALSE
90,"Pour améliorer leur productivité en réduisant les interruptions dues aux incidents de sécurité",TRUE
90,"Pour que chaque collaborateur puisse devenir un référent sécurité.",FALSE
91,"En fixant des objectifs spécifiques alignés avec la stratégie globale de CA-GIP",TRUE
91,"En réduisant la charge de travail pour se concentrer sur la cybersécurité.",FALSE
92,"Il fournit directement des recommandations aux équipes auditées.",FALSE
92,"Il aide à planifier les actions de remédiation avec les porteurs de recommandations",TRUE
92,"Il vérifie la conformité des preuves fournies avec les attentes des auditeurs",TRUE
92,"Il ne participe pas aux étapes de restitution des audits.",FALSE
93,"Envoyer un email collectif à tous les collaborateurs chaque semaine.",FALSE
93,"Utiliser une adresse email dédiée comme CA-GIP_Communication_Cybersecurite@CA-GIP.fr",TRUE
93,"Solliciter les s généraux",FALSE
94,"Cela permet de responsabiliser chaque collaborateur vis-à-vis de la sécurité de l'information.",TRUE
94,"Cela garantit que tous les collaborateurs suivent la stratégie globale de CA-GIP en matière de sécurité.",TRUE
94,"Cela augmente le risque d'incidents en surchargeant les collaborateurs",FALSE
94,"Cela rend les objectifs plus difficiles à atteindre",FALSE
95,"Les distribuer lors de réunions annuelles",FALSE
95,"Les inclure dans le Welcome Pack pour chaque nouvel arrivant",TRUE
95,"Former uniquement les managers sur ces politiques",FALSE
96,"Son manager",FALSE
96,"Ses clollègues",FALSE
96,"Les ressources humaines",FALSE
96,"L'équipe de sécurité informatique",TRUE
97,"VRAI",FALSE
97,"FAUX",TRUE
98,"l'adresse mail de l'expéditeur",TRUE
98,"Le lien cliquable",TRUE
98,"L'absence de signature",TRUE
98,"les spamwords",TRUE
99,"Consiste à obtenir illégalement des informations sensibles",TRUE
99,"Consiste à obtenir légalement des informations sensibles",FALSE
99,"Consiste à la création légalement d'une base d'informations sensibles",FALSE
100,"Consiste à submerger les ressources d’un système jusqu’à ce qu’il soit incapable de répondre à des demandes de service légitimes.",TRUE
100,"Consiste à ne pas pouvoir mettre sont mot de passe",FALSE
100,"Consiste à créer une vulnérabilité pour lancer un autre type d’attaque",TRUE
101,"La récupération de coordonnées, type bancaire",FALSE
101,"Passer le portique en même temps que quelqu'un d'autre ",TRUE
101,"Consiste d’écouter informatiquement les données envoyées entre deux personnes, réseaux ou ordinateurs.",FALSE
102,"Consiste à maintenir en otage le système jusqu’à l'acceptation de payer une rançon,",TRUE
102,"Consiste à bloquer l'acces au système",TRUE
102,"Réclamer un rançon,",TRUE
103,"un nouveau jeu",FALSE
103,"un logiciel malveillant qui infecte un ordinateur et modifie son fonctionnement, détruit des données ou espionne l’utilisateur ou le trafic réseau.",TRUE
103,"Un mail frauduleux",FALSE
104,"Consiste à créer une vulnérabilité pour lancer un autre type d’attaque",TRUE
104,"Le nom du cheval grecque",FALSE
104,"Consiste à utiliser un programme malveillant caché à l’intérieur d’un programme apparemment légitime, pour ouvrir une porte dérobée dans le système à travers laquelle les hackers peuvent pénétrer",TRUE
105,"Un changement d'état dans un système d'information qui peut indiquer un risque pour l'organisation.",TRUE
105,"Une mise à jour régulière du système sans impact sur la sécurité.",FALSE
105,"Une simple alerte générée par un antivirus sans conséquence réelle.",FALSE
105,"Un accès autorisé à des données par un utilisateur légitime.",FALSE
106,"Un événement de sécurité indésirable ou inattendu qui pourrait compromettre les opérations de l'organisation",TRUE
106,"Un accès non autorisé aux informations par un employé de l'entreprise.",FALSE
106,"Un incident mineur sans impact sur les opérations de l'entreprise",FALSE
106,"Un incident de sécurité est toujours le résultat d'une attaque malveillante.",FALSE
107,"Disponibilité",TRUE
107,"Intégrité",TRUE
107," Confidentialité",TRUE
107,"Preuve/Traçabilité",TRUE
108,"Ignorer l'alerte si elle ne vous semble pas urgente.",FALSE
108,"Contacter immédiatement votre responsable pour confirmer l’alerte.",TRUE
108,"Vérifier si l'alerte correspond à un incident potentiel sur votre périmètre.",TRUE
108,"Attendre que le SOC vous contacte directement avec plus d'informations.",FALSE
109,"Informer immédiatement votre référent sécurité ou le Help Desk.",TRUE
109,"Tenter de récupérer les données par vos propres.",FALSE
109,"Attendre de voir si la clé USB est retrouvée avant d’alerter qui que ce soit.",FALSE
109,"Informer la CNIL directement.",FALSE
110,"Ouvrir l'email pour vérifier son contenu",FALSE
110,"Signaler immédiatement l'email au SOC ou au Help Desk",TRUE
110,"Transférer l'email à vos collègues pour confirmation",FALSE
110,"Supprimer l'email sans en informer qui que ce soit",FALSE
111,"Signaler immédiatement la violation au référent sécurité ou au Help Desk",TRUE
111,"Informer les personnes concernées par la violation",FALSE
111,"Tenter de corriger l’erreur sans en informer qui que ce soit",FALSE
111,"Archiver les données pour éviter leur utilisation future",FALSE
112,"Utiliser des mots de passe forts et les changer régulièrement.Conformément aux règles CA",TRUE
112,"Partager vos identifiants de connexion avec vos collègues pour faciliter le travail d’équipe",FALSE
112,"Installer des logiciels non approuvés si cela vous semble nécessaire",FALSE
113,"Évaluer rapidement l'impact potentiel sur votre système.",TRUE
113,"Ignorer l’alerte si vous pensez qu’elle ne concerne pas votre travail",FALSE
113,"Informer vos supérieurs de l’alerte.",TRUE
113,"Fermer l'alerte après avoir évalué que tout est sous contrôle.",FALSE
114,"Identifier la source de l'incident et tenter d'en limiter les conséquences",TRUE
114,"Informer immédiatement toutes les équipes concernées, y compris la direction",FALSE
114,"Continuer à travailler normalement tant que l’incident ne vous impacte pas directement",FALSE
114,"Rédiger un rapport d'incident avant toute autre action",FALSE
115,"Plan de Certification interne propre à CA-GIP",FALSE
115,"Payment  Card Industry Data Security Standard",TRUE
115,"Projet Certifié International de Développement des Standards de Sécurité",FALSE
115,"Programme Centralisé Interne de Diffusion Sécurisée du Système",FALSE
116,"Plan de Sécurité Interne propre à CA-GIP",FALSE
116,"Plan de secours Informatique",TRUE
116,"Un plan qui permet de prévenir la fraude bancaire",FALSE
116,"Un plan qui permet de prévenir la perte de données critiques en mettant en place des procédures de sauvegarde efficaces",TRUE
117,"Pour proposer des solutions standards.",FALSE
117,"Pour fournir des solutions adaptées et personnalisées : Comprendre les besoins spécifiques du client permet de fournir des solutions adaptées et personnalisées, ce qui améliore la satisfaction du client et la pertinence des services offerts.",TRUE
117,"Pour éviter de travailler trop dur",FALSE
117,"Pour réduire les coûts d'exploitation",FALSE
118,"En évitant de poser trop de questions",FALSE
118,"Par des discussions approfondies et l'analyse des processus métiers. : Par des discussions approfondies, des questionnaires, et l'analyse des processus métiers et des attentes du client.",TRUE
118,"En analysant uniquement les documents de l'entreprise",FALSE
119,"Entretiens. Entretiens, ateliers de travail, et études de flux de travail.",TRUE
119,"Ateliers de travail.",TRUE
119,"Études de flux de travail.",TRUE
119,"Ignorer les processus métiers",FALSE
120,"Répond mieux aux besoins spécifiques du client. Une solution personnalisée répond mieux aux besoins spécifiques du client, ce qui peut améliorer l'efficacité et la satisfaction.",TRUE
120,"Améliore l'efficacité.",TRUE
120,"Augmente les coûts.",FALSE
120,"Améliore la satisfaction du client.",TRUE
121,"Pour construire une relation de confiance : Une communication ouverte permet de construire une relation de confiance, de résoudre rapidement les problèmes et de s'assurer que les attentes du client sont bien comprises et satisfaites",TRUE
121,"Pour éviter les conflits internes.",FALSE
121,"Pour minimiser les échanges",FALSE
121,"Pour garantir que les attentes du client sont bien comprises.",TRUE
122,"Des rapports de performance :  Des rapports de performance, des rapports d'incidents et de résolutions, ainsi que des rapports d'activité mensuels ou trimestriels",TRUE
122,"Des rapports financiers internes.",FALSE
122,"Des rapports d'incidents et de résolutions",TRUE
122,"Des rapports d'activité mensuels ou trimestriels",TRUE
123,"En communiquant clairement sur les capacités et les limites des services.    En communiquant clairement sur les capacités et les limites des services, et en tenant le client informé de toute évolution.",TRUE
123,"En évitant de parler des limitations.",FALSE
123,"En tenant le client informé de toute évolution.",TRUE
123,"En promettant plus que ce qui peut être livré.",FALSE
124,"Informer immédiatement le client.",TRUE
124,"Expliquer la situation et les mesures prises pour résoudre le problème.",TRUE
124,"Ne pas informer le client pour éviter le stress.",FALSE
124,"Fournir des mises à jour régulières jusqu'à la résolution.",TRUE
125,"Un contrat qui définit les niveaux de service attendus : Un SLA (Service Level Agreement) est un contrat qui définit les niveaux de service attendus entre un fournisseur de services et un client.",TRUE
125,"Un outil de gestion des employés.",FALSE
125,"Une liste de prix des services",FALSE
125,"Un plan de marketing pour attirer de nouveaux clients",FALSE
126,"Pour maintenir la satisfaction et la confiance du client : Le respect des SLA garantit que les engagements pris sont tenus, ce qui maintient la satisfaction et la confiance du client",TRUE
126,"Pour éviter les pénalités financières",TRUE
126,"Pour impressionner les concurrents.",FALSE
126,"Pour réduire le coût des services",FALSE
127,"Niveau de service attendu.",TRUE
127,"Temps de réponse et de résolution.",TRUE
127,"Disponibilité.",TRUE
127,"Pénalités en cas de non-respect des engagements.",TRUE
128,"Par des indicateurs de performance. Par des indicateurs de performance et des rapports réguliers de suivi des SLA.",TRUE
128,"Par des rapports réguliers de suivi des SLA.",FALSE
129,"Attendre que le client demande des améliorations.",FALSE
129,"Anticiper les besoins futurs du client. : La proactivité consiste à anticiper les besoins futurs du client et à proposer des améliorations avant même que le client ne les demande.",TRUE
129,"Réagir seulement aux problèmes majeurs",FALSE
129,"Proposer des améliorations avant que le client ne les demande",TRUE
130,"Pour proposer des solutions plus efficaces. L'innovation permet de proposer des solutions plus efficaces, de réduire les coûts et d'améliorer la performance des systèmes.",TRUE
130,"Pour réduire les coûts et améliorer la performance.",FALSE
130,"Pour éviter les mises à jour logicielles",FALSE
131,"En analysant les tendances du marché. En analysant les tendances du marché, en restant à l'écoute des évolutions technologiques et en échangeant régulièrement avec le client.",TRUE
131,"En restant à l'écoute des évolutions technologiques.",TRUE
131,"En échangeant régulièrement avec le client.",TRUE
131,"En se concentrant uniquement sur les besoins actuels.",FALSE
132,"Nouvelles technologies.",TRUE
132,"Automatisation des processus.",TRUE
132,"Solutions basées sur l'intelligence artificielle.",TRUE
132,"Réductions de personnel.",FALSE
133,"Audits réguliers, et politiques strictes de gestion des données.",TRUE
133,"Accès restreint",TRUE
133,"Partage libre des données",FALSE
133,"audits réguliers, et politiques strictes de gestion des données.",FALSE
134,"Renforcer la confiance des clients    Conformité aux normes de sécurité reconnues renforce la confiance des clients et garantit un niveau élevé de protection des informations.",TRUE
134,"Réduire les coûts de sécurité",FALSE
134,"Garantir un niveau élevé de protection des informations",TRUE
134,"Simplifier la gestion des données",FALSE
135,") Par la mise en place de pare-feu.    Par la mise en place de pare-feu, de systèmes de détection d'intrusion, et de politiques de sécurité strictes.",TRUE
135,"Par des systèmes de détection d'intrusion.",TRUE
135,"Par des politiques de sécurité strictes.",TRUE
135,"En réduisant les mises à jour de sécurité.",FALSE
136,"Pertes financières.",TRUE
136,"Dommages à la réputation.",TRUE
136,"Sanctions légales.",TRUE
136,"Augmentation des coûts de marketing.",FALSE
137,"En s'adaptant rapidement aux changements des besoins du client. ",TRUE
137,"En offrant des solutions fixes",FALSE
137,"En rejetant les nouvelles demandes du client",TRUE
137,"En offrant des solutions modulaires et évolutives.",FALSE
138,"Parce que les besoins évoluent rapidement. :    Parce que les besoins et les technologies évoluent rapidement, et une entreprise d'infogérance doit pouvoir s'adapter pour rester pertinente.",TRUE
138,"Pour rester pertinent face à la concurrence.",TRUE
138,"Pour éviter de changer les services",TRUE
138,"Parce que les technologies évoluent rapidement.",FALSE
139,"En concevant des services qui peuvent être ment étendus ou réduits. En concevant des services qui peuvent être ment étendus ou réduits en fonction des besoins du client",TRUE
139,"En utilisant des outils propriétaires fermés.",FALSE
139,"En évitant de personnaliser les services.",TRUE
139,"En offrant des options flexibles et personnalisables.",FALSE
140,"Pour permettre aux systèmes de croître avec les besoins du client.",TRUE
140,"Pour éviter des refontes complètes.",TRUE
140,"Pour réduire les coûts initiaux.",FALSE
140,"Pour garantir une satisfaction client à long terme.",TRUE
141,"Support technique réactif.    Un support technique réactif, compétent et disponible 24/7 pour résoudre rapidement les problèmes.",TRUE
141,"Support technique disponible 24/7 ",FALSE
141,"Support technique uniquement durant les heures de bureau.",TRUE
141,"Support technique compétent.",FALSE
142,"Réduire les temps d'arrêt.",TRUE
142,"Résoudre rapidement les problèmes.",TRUE
142,"Ignorer les petits problèmes",FALSE
142,"Améliorer la satisfaction client en offrant un support de qualité.",TRUE
143,"En proposant des sessions de formation régulières.",TRUE
143,"En fournissant des ressources de formation accessibles.",TRUE
143,"En ne faisant pas de formation pour réduire les coûts.",FALSE
143,"En utilisant des méthodes d'apprentissage en ligne et sur site.",TRUE
144,"Augmenter les coûts.",FALSE
144,"Réduire le temps de résolution et minimiser l'impact des incidents sur les opérations du client.",TRUE
144,"Minimiser l'impact des incidents sur les opérations.",TRUE
144,"Eviter les audits.",FALSE
145,"Pour identifier les causes sous-jacentes. :  Pour identifier les causes sous-jacentes et mettre en place des mesures correctives, ce qui améliore la stabilité et la fiabilité des systèmes.",TRUE
145,"Pour mettre en place des mesures correctives.",TRUE
145,"Pour augmenter les incidents.",FALSE
145,"Pour améliorer la stabilité et la fiabilité des systèmes.",TRUE
146,"Identification, Enregistrement",TRUE
146,"Classification",TRUE
146,"Investigation",TRUE
146,"Résolution et clôture ",TRUE
147,"En identifiant les problèmes avant qu'ils ne deviennent des incidents.",TRUE
147,"En résolvant les problèmes rapidement.",TRUE
147,"En augmentant les incidents.",FALSE
147,"En réduisant les interruptions de service.",TRUE
148,"Cela n’a aucun impact sur le service.",FALSE
148,"Il peut y avoir des pénalités pour le fournisseur et une insatisfaction des clients.",TRUE
148,"Le service continue normalement sans conséquences.",FALSE
149,"En étant transparent. En étant transparent, honnête, professionnel, et en respectant les engagements pris.",TRUE
149,"En cachant les problèmes",FALSE
149,"En respectant les engagements pris.",TRUE
149,"En agissant dans le meilleur intérêt du client.",TRUE
150,"Pour montrer l'engagement envers le client.",TRUE
150,"Pour répondre aux besoins du client rapidement.",TRUE
150,"Pour réduire les coûts d'opération.",FALSE
150,"Pour éviter les interactions avec le client.",FALSE
151,"En respectant les engagements.",TRUE
151,"En étant transparent sur les problèmes.",TRUE
151,"En cachant les problèmes.",FALSE
151,"En agissant dans le meilleur intérêt du client.",TRUE
152,"Renforce la confiance et la fidélité.",TRUE
152,"Peut mener à des relations à long terme.",TRUE
152,"Augmente les coûts d'opération.",FALSE
152,"Améliore la satisfaction client.",TRUE
153,"Taux de disponibilité. Taux de disponibilité, temps  de résolution des incidents, satisfaction client, et respect des SLA.",TRUE
153,"Temps  de résolution des incidents.",TRUE
153,"Satisfaction client.",TRUE
153,"Respect des SLA.",TRUE
154,"Pour identifier les domaines à améliorer : Les retours des clients permettent d'identifier les domaines à améliorer et de renforcer la satisfaction client.",TRUE
154,"Pour renforcer la satisfaction client.",TRUE
154,"Pour obtenir des compliments.",FALSE
154,"Pour améliorer les services offerts.",TRUE
155,"Pour s'assurer que les services respectent les standards et les attentes.",TRUE
155,"Pour identifier les domaines à améliorer.",TRUE
155,"Pour réduire les coûts d'opération.",FALSE
155,"Pour augmenter la complexité de la gestion.",FALSE
156,"En analysant les retours. En analysant les retours, en identifiant les tendances et les points de friction, et en apportant des ajustements aux services offerts.",TRUE
156,"En identifiant les tendances et les points de friction.",TRUE
156,"En apportant des ajustements aux services offerts.",TRUE
156,"En ignorant les feedbacks négatifs.",FALSE
157,"Est le Cluster Paiement",TRUE
157,"Gère l'intégration et l'exploitation du périmètre applicatif de CA-PS et AVEM",TRUE
157,"Est le Custer de Proximité ",FALSE
157,"Gère l'intégration et l'exploitation du périmètre applicatif du LCL",FALSE
158,"Est le Cluster Services Financiers Standards",FALSE
158,"Gère l'intégration et l'exploitation du périmètre applicatif de AVEM",FALSE
158,"Gère l'intégration est l'exploitation du périmètre applicatif de CAPFM Group et CAL&F",TRUE
158,"Est le cluster Service Financiers Spécialisés",TRUE
159,"Est le Cluster Banque de proximité Corporate",FALSE
159,"Est le Cluster Banque de proximité Crédit Agricole S.A",TRUE
159,"Gère l'intégration est l'exploitation du périmètre applicatif du LCL ",TRUE
159,"Gère l'intégration est l'exploitation du périmètre applicatif de BforBank",TRUE
160,"Est le Cluster de Proximité des Caisses Régionales",TRUE
160,"Est le Cluster Banque de proximité Crédit Agricole S.A",FALSE
160,"Gère l'intégration est l'exploitation du périmètre applicatif du LCL et des caisses régionales",FALSE
160,"Gère l'intégration est l'exploitation du périmètre applicatif des caisses régionales et de la banques Chalus",TRUE
161,"Est le Cluster Gestion de l'Exploitation et Audit",FALSE
161,"Gère l'intégration est l'exploitation du périmètre applicatif des Assurances uniquement",FALSE
161,"Est le Cluster Gestion de l'Epargne et Assurances",TRUE
161,"Gère l'intégration est l'exploitation du périmètre applicatif des Assurances, Amundi, CA-Titres et CA- Immobilier",TRUE
162,"Est le Cluster dédié au périmètre CACIB",TRUE
162,"Gère l'intégration est l'exploitation du périmètre applicatif des Assurances ",FALSE
163,"Est le cluster dédié au périmètre de CACEIS, CASA et Indosuez",TRUE
163,"Est le Cluster dédié au périmètre  LCL et CAPS",FALSE
164,"Permet à l'équipe de collaborer de manière fluide avec un objectif commun  ",TRUE
164,"Encourager la compétition entre les membres de l'équipe ",FALSE
164,"Garantir la stabilité et l'efficacité des services de production",FALSE
164,"Créer des sous-équipes indépendantes sans collaboration ",FALSE
165,"Améliorer la communication et la transparence entre les équipes  ",TRUE
165,"Détection rapide des problèmes et une meilleure gestion des incidents ",TRUE
165,"Favorise l'engagement des équipiers",TRUE
165,"Augmente la hiérarchisation des tâches et des rôles ",FALSE
166,"Favorise la collaboration entre les différentes personnes de l'équipe  ",TRUE
166,"Améliore le temps  de résolution des incidents ",TRUE
166,"Diminue la nécessité de communication entre les membres",FALSE
166,"Augmente la charge de travail pour chaque membre",FALSE
167,"Comprendre l'organisation de CAGIP  ",TRUE
167,"Partager l'information de manière transparente et régulière",TRUE
167,"Maintenir en tant qu'opérationnel mon niveau de connaissances techniques et applicatives",TRUE
167,"Limiter la diffusion d'information aux chefs d'équipe uniquement",FALSE
168,"Fluidifier la communication entre le développeur et l'opérationnel  ",TRUE
168,"Anticiper les problèmes liés au déploiement en production grâce à la collaboration inter-équipes",TRUE
168,"Encourager le développement indépendant sans consultation",FALSE
168,"Réduire les interactions entre les équipes techniques et opérationnelles",FALSE
169,"Via WIKI  ",TRUE
169,"Via Confluence",TRUE
169,"Tout le monde accède à la même base de connaissances",TRUE
169,"La documentation est uniquement réservée aux managers",FALSE
170,"Adopter une posture solidaire avec les collègues CAGIP  ",TRUE
170,"Exercer un devoir et droit d'alerte",TRUE
170,"Adopter une posture de conseil",
170,"Travailler de manière indépendante sans tenir compte des autres",FALSE
171,"Favoriser une culture plus collaborative et moins hiérarchique  ",TRUE
171,"Les équipes travaillent ensemble et partagent les succès comme les échecs",TRUE
171,"Renforce la responsabilité collective",TRUE
171,"Créer des silos d'information au sein de l'organisation",FALSE
172,"Concevoir chaque composant avec une seule responsabilité spécifique.",TRUE
172,"Fusionner les fonctionnalités pour simplifier l'architecture.",FALSE
172,"Utiliser le même code pour différentes applications.",FALSE
173,"Simplifier l'accès à la base de données.",FALSE
173,"Séparer les responsabilités entre différentes couches pour améliorer la maintenance et l'évolutivité.",TRUE
173,"Ajouter plus de composants pour compliquer l'architecture.",FALSE
174,"Les composants sont fortement dépendants les uns des autres.",FALSE
174,"Les composants interagissent de manière minimale et indépendante.",TRUE
174,"Les composants doivent être reliés directement par du code hardcodé.",FALSE
175,"Les composants doivent avoir plusieurs responsabilités.",FALSE
175,"Les composants doivent être étroitement liés et spécialisés dans une seule tâche.",TRUE
175,"Les composants doivent être redondants.",FALSE
176,"Regrouper tous les services dans un seul système.",FALSE
176,"Diviser les applications en services indépendants pour améliorer la flexibilité et l'évolutivité.",TRUE
176,"Utiliser un seul serveur pour tous les services.",FALSE
177,"La capacité à améliorer la sécurité du système.",FALSE
177,"La capacité du système à gérer une augmentation de la charge de travail.",TRUE
177,"La capacité à réduire la complexité du code.",FALSE
178,"Un composant doit avoir plusieurs responsabilités.",FALSE
178,"Un composant doit avoir une seule raison de changer.",TRUE
178,"Un composant doit être aussi générique que possible.",FALSE
179,"Le système peut continuer à fonctionner même en cas de défaillance de certains composants.",TRUE
179,"Le système s'arrête immédiatement lorsqu'une erreur se produit.",FALSE
179,"Le système doit être redémarré après chaque erreur.",FALSE
180,"Rediriger tout le trafic vers un seul serveur.",FALSE
180,"Répartir la charge de travail entre plusieurs serveurs pour optimiser les performances.",TRUE
180,"Augmenter la complexité du système en ajoutant plus de serveurs.",FALSE
181,"Répéter le même code dans différents composants pour simplifier le développement.",FALSE
181,"Minimiser la redondance en partageant la logique réutilisable.",TRUE
181,"Créer des composants identiques pour chaque fonctionnalité.",FALSE
182,"Exécuter les opérations en séquence sans interactions.",FALSE
182,"Réagir aux événements de manière asynchrone pour améliorer la réactivité du système.",TRUE
182,"Éviter l'utilisation de messages asynchrones.",FALSE
183,"Ajouter des fonctionnalités de sécurité à la fin du développement.",FALSE
183,"Intégrer la sécurité dès la conception initiale du système.",TRUE
183,"Utiliser des mots de passe simples pour une meilleure accessibilité.",FALSE
184,"Ajouter plus de serveurs pour répartir la charge.",FALSE
184,"Augmenter la capacité d'un serveur unique (CPU, RAM).",TRUE
184,"Réduire le nombre de serveurs pour économiser des coûts.",FALSE
185,"Créer des composants monolithiques pour simplifier la gestion.",FALSE
185,"Diviser le système en modules indépendants pour améliorer la maintenance et la réutilisation.",TRUE
185,"Fusionner tous les composants pour réduire la complexité.",FALSE
186,"Fournir une interface unique pour accéder à différents services.",TRUE
186,"Bloquer les accès externes aux microservices.",FALSE
186,"Éliminer la communication entre les services.",FALSE
187,"Faciliter la compréhension et la maintenance du système.",TRUE
187,"Mélanger toutes les fonctionnalités dans une seule partie.",FALSE
187,"Réduire le nombre de composants dans le système.",FALSE
188,"Pour rendre le système plus complexe.",FALSE
188,"Pour que chaque couche ait un rôle spécifique, comme gérer l'affichage ou les données.",TRUE
188,"Pour économiser de l'espace mémoire.",FALSE
189,"Les parties du système sont très dépendantes les unes des autres.",FALSE
189,"Les parties du système sont indépendantes et peuvent fonctionner séparément.",TRUE
189,"Les parties du système ne peuvent pas fonctionner sans connexion permanente.",FALSE
190,"Pour que chaque partie soit spécialisée dans une tâche précise et soit efficace.",TRUE
190,"Pour que chaque partie puisse faire plusieurs tâches à la fois.",FALSE
190,"Pour minimiser le nombre de parties dans le système.",FALSE
191,"Pour rendre l'application plus difficile à gérer.",FALSE
191,"Pour faciliter les mises à jour et améliorer la flexibilité.",TRUE
191,"Pour regrouper tous les services en un seul bloc.",FALSE
192,"La capacité du système à rester stable avec un seul utilisateur.",FALSE
192,"La capacité du système à gérer une augmentation du nombre d’utilisateurs ou de données.",TRUE
192,"Réduire les fonctionnalités du système au minimum.",FALSE
193,"Chaque partie doit faire plusieurs tâches différentes.",FALSE
193,"Chaque partie ne doit avoir qu'une seule raison de changer.",TRUE
193,"Chaque partie doit être capable de remplacer les autres.",FALSE
194,"Pour que le système fonctionne même si une partie échoue.",TRUE
194,"Pour réduire les coûts en arrêtant le système en cas de panne.",FALSE
194,"Pour que le système redémarre automatiquement après chaque erreur.",FALSE
195,"Répartir le travail entre plusieurs serveurs pour éviter la surcharge.",TRUE
195,"Forcer tout le travail à être fait par un seul serveur.",FALSE
195,"Bloquer l’accès à certains utilisateurs pour réduire la charge.",FALSE
196,"Éviter de réutiliser du code et le recréer à chaque fois.",FALSE
196,"Réduire la redondance en partageant des morceaux de code réutilisables.",TRUE
196,"Répéter les mêmes lignes de code pour faciliter la lecture.",FALSE
197,"Faire fonctionner les actions en ordre sans interruption.",FALSE
197,"Réagir aux événements rapidement et de manière flexible.",TRUE
197,"Empêcher les utilisateurs d’interagir avec le système en temps réel.",FALSE
198,"Pour ajouter des mesures de sécurité après coup.",FALSE
198,"Pour assurer que le système soit sécurisé dès le début.",TRUE
198,"Pour éviter d'utiliser des systèmes de sécurité externes.",FALSE
199,"Ajouter plus de serveurs pour gérer plus de travail.",FALSE
199,"Améliorer la capacité d’un serveur unique (par ex. augmenter la RAM).",TRUE
199,"Réduire la puissance du système pour économiser de l’énergie.",FALSE
200,"Pour créer un système rigide et monolithique.",FALSE
200,"Pour diviser le système en modules indépendants, facilitant les mises à jour et la maintenance.",TRUE
200,"Pour réduire le nombre de parties dans le système.",FALSE
201,"Servir de point d’accès unique aux différents services du système.",TRUE
201,"Bloquer la communication entre les services.",FALSE
201,"Ignorer les demandes des utilisateurs pour les rediriger ailleurs.",FALSE
202,"Permettre des intégrations sans documentation.",FALSE
202,"Harmoniser les composants et favoriser la cohérence du système.",TRUE
202,"Isoler chaque composant sans communication entre eux.",FALSE
203,"Pour améliorer la productivité en maximisant l'efficacité de l'infrastructure informatique.",TRUE
203,"Pour ralentir les processus afin de réduire les coûts.",FALSE
203,"Pour ne gérer que les tâches non critiques.",FALSE
204,"Exécuter les tâches sans tenir compte des contraintes de temps.",FALSE
204,"Garantir que les réponses du système sont fournies dans un temps prédéfini, critique pour la sécurité et la performance.",TRUE
204,"Augmenter la vitesse de traitement au détriment de la fiabilité.",FALSE
205,"Ignorer la documentation pour aller plus vite.",FALSE
205,"Documenter les choix architecturaux pour une meilleure compréhension et maintenance du système.",TRUE
205,"Créer uniquement des schémas sans explications écrites.",FALSE
206,"Réduire la consommation électrique des serveurs.",FALSE
206,"Planifier, superviser et optimiser l'utilisation des ressources informatiques et le temps de traitement.",TRUE
206,"Se concentrer uniquement sur la gestion des utilisateurs.",FALSE
207,"Elle permet de mesurer combien de temps un système peut être interrompu sans impact majeur.",TRUE
207,"Elle fixe un temps minimal de fonctionnement.",FALSE
207,"Elle n'a pas d'importance pour les systèmes critiques.",FALSE
208,"Regrouper tous les services dans un seul système.",FALSE
208,"Diviser les applications en services indépendants pour améliorer la flexibilité et l'évolutivité.",TRUE
208,"Utiliser un seul serveur pour tous les services.",FALSE
209,"La capacité à améliorer la sécurité du système.",FALSE
209,"La capacité à réduire la complexité du code.",FALSE
209,"La capacité du système à gérer une augmentation de la charge de travail.",TRUE
210,"Répartir la charge de travail entre plusieurs serveurs pour optimiser les performances.",TRUE
210,"Rediriger tout le trafic vers un seul serveur.",FALSE
210,"Augmenter la complexité du système en ajoutant plus de serveurs.",FALSE
211,"Ajouter des fonctionnalités de sécurité à la fin du développement.",FALSE
211,"Intégrer la sécurité dès la conception initiale du système.",TRUE
211,"Utiliser des mots de passe simples pour une meilleure accessibilité.",FALSE
212,"Augmenter la capacité d'un serveur unique (CPU, RAM).",TRUE
212,"Ajouter plus de serveurs pour répartir la charge.",FALSE
212,"Réduire le nombre de serveurs pour économiser des coûts.",FALSE
213,"Bloquer les accès externes aux microservices.",TRUE
213,"Fournir une interface unique pour accéder à différents services.",FALSE
213,"Éliminer la communication entre les services.",FALSE
214,"Décision, Intelligence, Confiance, Patience",FALSE
214,"Détection, Identification, Connexion, Partage",FALSE
214,"Disponibilité, Intégrité, Confidentialité, Preuve",TRUE
215,"Elle permet de mesurer combien de temps un système peut être interrompu sans impact majeur.",TRUE
215,"Elle fixe un temps minimal de fonctionnement.",FALSE
215,"Elle n’a pas d’importance pour les systèmes critiques.",FALSE
216,"Une Platform de flux de données",FALSE
216,"Une combinaison pré-packagée de matériel et d’outils logiciels de cloud computing qui vous permet de développer et de déployer en toute simplicité des applications.",TRUE
216,"Une combinaison de matériel et d’outils d'infrastructure",FALSE
217,"Un comité opérationnel",FALSE
217,"un comité fonctionnel",FALSE
217,"Cela désigne la procédure décrivant les différentes instances de réunion prévues dans le cadre du projet ou d'un contrat.",TRUE
218,"Suivre les actions d’exploitation et de maintenance, traiter les difficultés opérationnelles rencontrées",TRUE
218,"suivi des incident",FALSE
218,"une cellule de crise",FALSE
219,"Une cellule de crise",FALSE
219,"une instance fonctionnelle",FALSE
219,"Définir la stratégie de l’entreprise ou du client, S’assurer que les projets sont en accord avec la stratégie",TRUE
220,"Un comité incident",FALSE
220,"Suivre l’avancement du projet ou du contrat, suivi opérationnel, financier et technique ",TRUE
220,"comité RH",FALSE
221,"VRAI",TRUE
221,"FAUX",FALSE
222,"C'est un ensemble de personnes ayant pour mission d'évaluer les changements apportés à l'environnement informatique, et de valider ou pas celui-ci.",TRUE
222,"un point ou l'on statut sur les problèmes",FALSE
222,"un point ou l'on statut sur les incident",FALSE
223,"Référé, Autorité, Construire, Informé",
223,"Réalisateur, Autorité, Consulté, Informé",TRUE
223,"Réalisateur, Arbitré, consulté, Installé",FALSE
224,"Elle permet, en amont, de préciser le rôle de chacun et l’étendue de sa mission",TRUE
224,"Elle définie un fonctionnement budgétaire",FALSE
224,"Un réunion d'équipe",FALSE
225,"Plan d’Assurance Qualité",TRUE
225,"Plan Autorité Qualité",FALSE
225,"Plan Autorisé Quantité",FALSE
226,"Plan d'execution et d'assurance",FALSE
226,"C'est un document évolutif qui définit précisément ce qu’un prestataire doit faire et dans quel contexte",TRUE
226,"Document qui défini les licences logiciel",FALSE
227,"VRAI",TRUE
227,"FAUX",FALSE
228,"Plan Assurance Sécurité",TRUE
228,"Plan Autorité Sécurité",FALSE
228,"Plan Assurance Suivi",FALSE
229,"Un document de synthèse sur les incident Cyber",FALSE
229,"Cela précise dequel manière les prestataires se conforment aux exigences de cybersécurité définies par le maître d’ouvrage pour ce qui concerne leur organisation et leur système d’information (SI).",TRUE
229,"Un Plan d'Assurance Sécurité",FALSE
230,"Key Performance Indicator",TRUE
230,"Key Process Indicator",FALSE
230,"Indicateur Clé de Performance",TRUE
231,"Des données servant à apprécier l’efficacité du travail accompli, dans l’optique d’atteindre un objectif précis.",TRUE
231,"Des indicateur de processus",FALSE
231,"Un composant d'infrastructure",FALSE
232,"Service Level Agrement",TRUE
232,"Sector Level Agrement",FALSE
232,"Service Legal Autority",FALSE
233,"Un document qui décrit comment installer un système.",FALSE
233,"Un accord qui définit les niveaux de service attendus entre un fournisseur et un client.",TRUE
233,"Une méthode pour résoudre les problèmes techniques rapidement.",FALSE
234,"Pour maintenir la satisfaction et la confiance du client : Le respect des SLA garantit que les engagements pris sont tenus, ce qui maintient la satisfaction et la confiance du client",TRUE
234,"Pour éviter les pénalités financières",FALSE
234,"Pour impressionner les concurrents.",FALSE
235,"Définir les niveaux de service globaux, y compris disponibilité, performance, et support.",TRUE
235,"Identifier les incidents les plus fréquents dans un système.",FALSE
235,"Former les utilisateurs sur les nouvelles technologies.",FALSE
236,"Plan Correctif d'Activité",FALSE
236,"Plan Continuité d'Activité",TRUE
236,"Plan de Collecte d'Activité",FALSE
237,"Un Plan Climatique Avancé",FALSE
237,"Un plan de reprise d'activité",FALSE
237,"Des mesures préventives ainsi que des procédures d’urgence visant à préserver la continuité d’activité.",TRUE
238,"Process Reporting Autority",FALSE
238,"Plan de Reprise d’Activité",TRUE
238,"Plan de restitution Active",FALSE
239,"Un plan détaillé qui permet de rétablir les systèmes ou infrastructures après un sinistre.",TRUE
239,"Un plan de production de l'ordonnanceur",FALSE
239,"Un module dans l'active-directory",FALSE
240,"Le SLA couvre l'ensemble des niveaux de service, tandis que la GTR se concentre uniquement sur le temps de résolution des incidents.",TRUE
240,"La GTR définit tous les niveaux de service, tandis que le SLA se concentre uniquement sur les délais de réponse.",FALSE
240,"Il n’y a aucune différence, ce sont des termes interchangeables.",FALSE
241,"Pour définir et garantir les attentes globales de service envers le Client.",TRUE
241,"Pour réduire les coûts de maintenance des équipements.",FALSE
241,"Pour éliminer tous les incidents possibles.",FALSE
242,"Dans un manuel utilisateur.",FALSE
242,"Dans la convention de services.",TRUE
242,"Dans un contrat de vente de matériel.",FALSE
243,"Non, ils doivent toujours être ensemble.",FALSE
243,"Oui, un SLA peut exister sans inclure de GTR, mais il serait moins précis sur les temps de résolution.",TRUE
243,"Cela dépend uniquement du type de service proposé.",FALSE
244,"Dans les contrats de maintenance pour assurer une intervention rapide en cas de panne.",TRUE
244,"Pour les activités où le temps de résolution n’est pas critique.",FALSE
244,"Uniquement pour les systèmes sans contrat de service.",FALSE
245,"Assurer la satisfaction des utilisateurs en garantissant une restituion du service dans les  délais convenu.",TRUE
245,"Augmenter les coûts de maintenance.",FALSE
245,"Éviter les réparations rapides.",FALSE
246,"Que les réparations sont effectuées de manière informelle.",FALSE
246,"Que les problèmes sont résolus dans le temps convenu pour minimiser l'impact sur les opérations.",TRUE
246,"Que les délais ne sont pas respectés.",FALSE
247,"Cela n'a pas de conséquences.",FALSE
247,"Il peut y avoir des pénalités financières et une perte de confiance de la part des clients.",TRUE
247,"Le service continue comme prévu.",FALSE
248,"Pour spécifier précisément le délai dans lequel les incidents doivent être résolus, assurant ainsi une meilleure gestion des pannes.",TRUE
248,"Pour augmenter les coûts du contrat.",FALSE
248,"Pour ne jamais avoir à résoudre les incidents rapidement.",FALSE
