NuméroQuestionAnser|Thème|Question|Réponse 1|Réponse 1 Correction|Réponse 2|Réponse 2 Correction|Réponse 3|Réponse 3 Correction|Réponse 4|Réponse 4 Correction|Réponse 4 Correction
1|ProdFirst|Que fait on lors d'un incident majeur ?|Je priorise l'incident sur toutes autres activités|TRUE|J'interviens après ma réunion|FALSE|Je rajoute l'incident a mon backlog avec un traitement au fil de l'eau|FALSE|||
2|ProdFirst|Quel est l'Objectif principal lors de la gestion d'un incident?|Identifier la root cause de l'incident|FALSE|Rétablir le service dès que possible et minimiser l'impact pour le métier |TRUE|Maintenir la satisfaction des utilisateurs au travers de la qualité de service |FALSE|Envoyer un état d'avancement à mon manager|FALSE|Facile
3|ProdFirst|"Dans le cadre de la gestion d'un incident, quels sont les cas dans
lesquelles une escalade managériale est nécessaire?"|Incapacité à résoudre l'incident dans les délais impartis|TRUE|Impact majeur sur les activités de l'entreprise|TRUE|Amélioration continue du processus|FALSE|Nécessite de mobiliser des ressources supplémentaires |TRUE|Facile
4|ProdFirst|Un post-Mortem est un document qui explique les causes/origines d'un incident majeur|TRUE|TRUE|FALSE|FALSE|||||Facile
5|ProdFirst|Un post-mortem doit être diffusé à J+7 de la fin de l'incident|TRUE|TRUE|FALSE|FALSE|||||Moyen/Difficle
6|ProdFirst|Un incident majeur se définit comme|"Un incident à très fort impact (indisponibilité ou forte dégradation du service)
nécessitant une organisation de traitement spécifique "|TRUE|"Un incident majeur est une perturbation
 aléatoire du service métier"|FALSE|Une dégradtion du service|FALSE|Un changement à for impact sur l'infrastructure qui nécessite une validation au CAB|FALSE|Moyen/Difficle
7|ProdFirst|En cas d'incident P1, les communications doivent être envoyées :|Toutes les heures|FALSE|Immédiatement à l'ouverture de l'incident et toutes les 10min jusqu'à la résolution|FALSE|1ère communication dans les 30min puis toutes les 2 heures  ; Dernière communication correspond à la validation de la résolution|FALSE|1ère Communication dans les 15’min; Toutes les heures ensuite et/ou à chaque étape importante du traitement ; Dernière communication correspond à la validation de la résolution.|TRUE|Moyen/Difficle
8|ProdFirst|Qu'est ce qu'un incident (ITIL) ?|tout événement imprévu qui perturbe ou interrompt le fonctionnement normal d’un service informatique.|TRUE|un problème informatique|FALSE|||||
9|ProdFirst|Qu'est ce que ITIL ?|Une norme de développement|FALSE|une méthode de travail|FALSE|un ensemble de compétences organisationnelles spécifiques qui visent à créer de la valeur pour les clients finaux sous forme de services.|TRUE|||
10|ProdFirst|Que signifie ITIL ?|Information,Technique, Infrastructure, Légacy|FALSE|Information, Technology, Infrastructure, Library|TRUE|Informatique,Technique, Infrastructure, Legal|FALSE|||
11|ProdFirst|Que signifie le terme CCO ?|Cellule de Crise Opérationnelle|TRUE|Cellule de Crise Orienté|FALSE|Cellule de crise organisée|FALSE|||
12|ProdFirst|Que signifie le terme CCD ?|Cellule de Création et de Décommissionement|FALSE|Cellule de Crise Décisionnelle|TRUE|Création, Confirmité et décommissionemet|FALSE|||
13|ProdFirst|Que signifie le terme CCC ?|Cellule de Crise Cadré|FALSE|Cellule de Crise Client|TRUE|Cellule de Confirmité  Client|FALSE|||
14|ProdFirst|Quel est le rôle d'un incident manager ?|A coordonner|TRUE|A prendre des notes|TRUE|A communiquer |TRUE|||
15|ProdFirst|Qu'est ce qu'un post-mortem ou REX ?|une communication sur l'incident en cours|FALSE|Un rapport sur le nombre d'incident|FALSE|un rapport écrit d'un incident qui décrit : L'impact de l'incident. Les actions prises pour réduire ou résoudre l'incident. La cause profonde de l'incident. Les actions de suivi prises pour éviter une ré-occurrence de l'incident.|TRUE|||
16|ProdFirst|Qu'est ce qu'une communication incident ?|Consiste à alerter les utilisateurs lorsqu'un service est touché par une panne ou des performances dégradées.|TRUE|Un mail aux équipes support METIS|FALSE|||||
17|ProdFirst|Que doit contenir un communication incident P1/P2|Description de l'impact, statut root cause, indentification d'un contournement, statut résolution et delai rétablissement|TRUE|Un diagramme de l'incident|FALSE|||||
18|ProdFirst|Quel est le but d'un ticket incident ?|De gérer un problème|FALSE|Conciste à formaliser l'incident dans l'outil de ticketing|TRUE|De résoudre un incident|FALSE|||
19|ProdFirst|Qu'est-ce qu'une GTR (Garantie de Temps de Résolution) ?|Un contrat pour acheter du matériel informatique.|FALSE|Un outil pour surveiller la performance du réseau.|FALSE|"Une garantie sur la durée maximale pour résoudre 
un incident après sa déclaration."|TRUE|||
20|ProdFirst|Quel est l'objectif principal d'une GTR ?|Assurer que les mises à jour logicielles soient faites à temps.|FALSE|Fixer un délai maximal pour résoudre un problème ou un incident.|TRUE|Gérer la performance des serveurs.|FALSE|||
21|ProdFirst|Quel est le principal objectif de la GTR (Garantie de Temps de Résolution) ?|Garantir que les incidents sont résolus dans un délai prédéfini et convenu et ne dépassant pas celui-ci.|TRUE|Résoudre les problèmes quand on a le temps.|FALSE|Ne pas se soucier du temps nécessaire pour résoudre un problème.|FALSE|||
22|ProdFirst|Pourquoi est-il crucial de respecter la DIMA chez CA-GIP ?|Pour éviter les interruptions prolongées qui pourraient causer des pertes financières ou opérationnelles.|TRUE|Pour maximiser les temps d'arrêt du système.|FALSE|Pour éviter d'investir dans des solutions de secours.|FALSE|||
23|ProdFirst|Quelle situation montre l'importance de la DIMA (Durée Maximale d'Interruption Admissible) ?|Lorsque l'arrêt d'un service web ne cause aucune conséquence sur les utilisateurs.|FALSE|Lorsqu'un système critique ne doit pas être interrompu plus longtemps que la durée maximale définie pour éviter des impacts graves.|TRUE|Lorsque l'interruption n'a aucune conséquence sur le système.|FALSE|||
24|ProdFirst|Pourquoi est-il important de définir une DIMA pour un système critique ?|Pour permettre des interruptions régulières sans impact.|FALSE|Pour planifier des solutions de contournement ou de redémarrage rapide afin de respecter les délais d'interruption admissibles.|TRUE|Pour éviter d'avoir des systèmes de secours.|FALSE|||
25|ProdFirst|Pourquoi la DIMA est-elle particulièrement critique dans les secteurs comme la finance ou la santé ?|Parce que ces secteurs n’ont pas de besoins spécifiques en matière de continuité.|FALSE|Parce que ces secteurs ne tolèrent pas de longues interruptions, ce qui pourrait mettre en péril la sécurité ou les finances.|TRUE|Pour permettre des interruptions plus longues sans planification.|FALSE|||
26|ProdFirst|Quel est le rôle d'un problème manager ?|A gérer les incidents|FALSE|Au suivi des plans d'action définis dans un problème, ainsi que les problème|TRUE|A l'analyse et la résolution de l'incident|FALSE|||
27|ProdFirst|Qu'est ce qu'un problème (ITIL) ?|un incident informatique|FALSE|C'est une cause sous-jacente ou une origine récurrente qui provoque un ou plusieurs incidents.|TRUE|un model de communication|FALSE|||
28|ProdFirst|Doit on ouvrir un problème pour tous les incidents majeurs.|TRUE|TRUE|FALSE|FALSE|||||Facile
29|ProdFirst|Quels sont les objectifs d'un problème ?|Résoudre un incident|FALSE|Réduire la réccurence et l'impact d'un incident|TRUE|Sécuriser le déploiement des opérations|FALSE|||Facile
30|ProdFirst|Un problème peut être :|Proactif|TRUE|DIsruptif|FALSE|Réactif|TRUE|Constructif|FALSE|Facile
31|ProdFirst|Des incidents de priorité P1,P2,P3 ou P4 peuvent donner lieu à un problème|TRUE|TRUE|FALSE|FALSE|||||Moyen/Difficle
32|ProdFirst|Uniquement les incidents de priorité P1 et P2 peuvent donner lieu à un problème|TRUE|FALSE|FALSE|TRUE|||||Moyen/Difficle
33|ProdFirst|Qu'est ce qu'un changement (ITIL) ?|C'est l'ajout, la modification ou la suppression de tout ce qui pourrait avoir un effet direct ou indirect sur les services ou système de la production informatique.|TRUE|Exécuter de tâches sans tenir compte des contraintes de temps.|FALSE|De faire des modification sur la production|FALSE|||
34|ProdFirst|Quel est l’un des principaux avantages d'un changement ?|Permettre des intégrations sans documentation.|FALSE|La tracabilité de toute modification réaliser sur la production|TRUE|De faire des modification sur la production|FALSE|||
35|ProdFirst|Quel est le rôle principal d'un changement ?|Exécuter les tâches sans tenir compte des contraintes de temps.|FALSE|Que toutes les actions réalisé sont maitrisées ainsi que les rique sur la production|TRUE|Augmenter la vitesse de traitement au détriment de la fiabilité.|FALSE|||
36|ProdFirst|Dans quelle instance valide t'on un changement ?|lors d'un point d'équipe|FALSE|Lors du CAB ou celui -ci sera expliqué et débattu en terme de rique|TRUE|Lors d'un point tribu|FALSE|||
37|ProdFirst|Que trouve t'on comme livrables dans un changement ?|Aucun le changement sert de livrable|FALSE|Les action réalisées uniquement|FALSE|Nous avons la feuille de route, les test , le plan de retour arrière et l' évaluation des risque |TRUE|||
38|ProdFirst|Que trouve t'on dans un changement ?|L'ensemble des livrable Pré-requis pour la réalisation de celui-ci, les créneaux horraire, Ainsi que les acteur prévu pour les action|TRUE|Les créneaux horraires|TRUE|l'ensemble des livrables|FALSE|||
39|ProdFirst|Qui valide un changement ?|Le responsable pocessus |FALSE|Le change manager|TRUE|le responsable d'équipe|FALSE|||
40|ProdFirst|"En cas de modification sur la production (hors incident)
que dois je faire ?"|un mail d'information|FALSE|Un changement et je demande à passer au CAB|TRUE|je réalise mes modification sans tenir compte des contraintes,|FALSE|||
41|ProdFirst|Une requête permet de traiter un incident.|TRUE|FALSE|FALSE|TRUE|||||Facile
42|ProdFirst|Il existe des requêtes au catalogue soumises à approbation.|TRUE|TRUE|FALSE|FALSE|||||Facile
43|ProdFirst|Une requête est :|Un changement urgent|FALSE|Un mail aux équipes support METIS|FALSE|Une demande cataloguée pour laquelle il existe une procédure prédéfinie et approuvée|TRUE|Une modification d'un élément de configuration|FALSE|Facile
44|ProdFirst|Un changement normal significatif, majeur peut être exécuté le jour même de sa création|TRUE|TRUE|FALSE|FALSE|||||Moyen/Difficle
45|ProdFirst|Quels sont les pré-requis pour que mon changement normal dans METIS soit conforme pour être approuvé|Avoir une procédure de rollback, un chronograme et des tests|TRUE|"Avoir créé le ticket en statut ""Draft"""|FALSE|"Avoir passé le ticket en statut ""Autorisé"""|FALSE|Avoir la validation de mon management|FALSE|Moyen/Difficle
46|ProdFirst|Lors de l'exécution d'un changement, je suis la feuille de route prévue mais une problématique intervient. Que dois-je faire ?|Je continue mon opération car ma feuille de route a été approuvée|FALSE|J'arrête l'opération|FALSE|J'escalade à mon management pour prise de décision|TRUE|J'effectue directement un rollback|FALSE|
47|ProdFirst|Un changement a été exécuté correctement et le ticket est fermé dans METIS. Un incident majeur survient suite à ce changement et un rollback est effectué par la suite. Que faire du ticket changement dans METIS ?|Je mets à jour le code de clôture dans METIS pour préciser le rollback|TRUE|"Je laisse le code de clôture à ""Succès"" dans METIS car mon opération été exécutée correctement"|FALSE|Je ne m'occupe plus de METIS car mon changement est fermé|FALSE|Je ne dois pas remplir de code de clôture dans METIS|FALSE|
48|ProdFirst|J'ai un incident en production et je dois effectuer une modification de l'infrastructure pour rétablir le service. Je dois :|Exécuter mon opération en production car il faut résoudre l'incident|FALSE|Exécuter l'opération en faisant un changement urgent|TRUE|Avoir la validation du DG avant d'exécuter ce type d'opération|FALSE|Je dois faire un changement standard|FALSE|
49|ProdFirst|En cas d'incident majeur suite à un changement, la PIR complémentaire est obligatoire ?|TRUE|TRUE|FALSE|FALSE|||||
50|ProdFirst|En cellule de crise, l'exécution d'un changement est validée pour résoudre un incident. Je dois :|Exécuter l'opération car validée en cellule de crise et ensuite faire un changement urgent dans METIS pour régulariser|TRUE|Exécuter l'opération car validée en cellule de crise et donc pas besoin de ticket METIS dans ce cas|FALSE|Demander l'approbation de mon management avant d'exécuter l'opération validée par la cellule de crise|FALSE|Faire un changement urgent dans METIS et attendre sa validation avant d'exécuter l'opération|FALSE|
51|ProdFirst|La CMDB est un emplacement centralisé et commun pour stocker les éléments de configuration (CI) et les informations asscociées|TRUE|TRUE|FALSE|FALSE|||||Facile
52|ProdFirst|Un élément de configuration est tout composant géré dans une infrastructure informatique . Cela peut inclure:|Uniquement des éléments matériels|FALSE|Des éléments  matériel, logiciel, documents et services|TRUE|Uniquement des éléments de type technique|FALSE|Des éléments de type Métier et Technique|TRUE|Facile
53|ProdFirst|La CMDB aide à évaluer les risques associés à un changement en fournissant une compréhension claire des dépendances entre les CIs|FALSE|FALSE|TRUE|TRUE|||||Facile
54|ProdFirst|La mise à jour de la CMDB est nécessaire:|Après des changements importants |TRUE|Suite à des audits|TRUE|Si un incidents majeur se produit et que des modifications sont effectuées pour résoudre ce problème|TRUE|Uniquement suite à des changements infrastructures|FALSE|Facile
55|ProdFirst|Que signifie l’acronyme CMDB ?|Connection Moyenne DataBase|FALSE|Configuration Management DataBase|TRUE|Configuration Moyen DataBase|FALSE|||
56|ProdFirst|Dans quel processus (ITIL) la CMDB est-elle géré et détaillée ?|Dans la gestion des actifs et des configurations|TRUE|Dans la gestion des Processus|FALSE|Dans les bases de données|FALSE|||
57|ProdFirst|Quelle est la valeur attendue de la gestion d’une CMDB ?|Faciliter la gestion des éléments de configurations (relations comprises)|TRUE|Permettre une analyse d’impact efficace|TRUE|La gestion interne d'une base de données|FALSE|||
58|ProdFirst|Que gère-t-on dans une CMDB|Des bases de données|FALSE|des processus|FALSE|Des éléments de configuration|TRUE|||
59|ProdFirst|Le ou lesquelles sont des outils/produits permettant la gestion d’une CMDB|ServiceNow|TRUE|BMC Remedy|TRUE|Asset center|FALSE|||
60|ProdFirst|Une requête est toujours traitée par un changement standard.|TRUE|FALSE|FALSE|TRUE|||||Moyen/Difficle
61|ProdFirst|Pour faire évolution une offre dans le catalogue, je contacte :|Le support METIS|FALSE|Mon gestionnaire de processus|TRUE|Mon manager|FALSE|Le référent de l'offre|TRUE|Moyen/Difficle
62|ProdFirst|Le groupe de support d'une requête au catalogue est|Non obligatoire|FALSE|En charge du changement|FALSE|En charge de la réalisation des tâches de la requête|TRUE|En charge de l'approbation de la requête|FALSE|Moyen/Difficle
63|ProdFirst|Pour traiter une requête qui entraine la création, la modification ou la suppression d'un élément de configuration de l'infrastructure|J'exécute l'opération demandée et je ferme la requête |FALSE|J'exécute un changement que je trace dans METIS avec les bons niveaux d'approbation (en fonction du type de changement)|TRUE|Je demande une validation au manager du demandeur|FALSE|Je demande une validation à mon manager|FALSE|Moyen/Difficle
64|ProdFirst|J'ai besoin d'assisance sur l'usage de METIS, j'ouvre un incident|TRUE|FALSE|FALSE|TRUE|||||Moyen/Difficle
65|ProdFirst|Qu’est-ce que la gestion des services informatiques (ITSM) ?|consiste à planifier, mettre en œuvre, gérer et optimiser les services informatiques pour répondre aux besoins des utilisateurs et aider les entreprises à atteindre leurs objectifs stratégiques.|TRUE|Faciliter la gestion des éléments de configurations (relations comprises)|FALSE|Si un incidents majeur se produit et que des modifications sont effectuées pour résoudre ce problème|FALSE|||
66|ProdFirst|Quel est l’importance de bien comprendre les consignes ?|Permettre des intégrations sans documentation.|FALSE|D'éviter l'erreur humaine sur l'application de celle-ci|TRUE|De faire des modification sur la production|FALSE|||
67|ProdFirst|Quel est l'une des principales cause d'erreur humaine?|Exécuter les tâches sans tenir compte des contraintes|FALSE|faire des modification en production|FALSE|Le manque d'attention a ce que l'on fait|TRUE|||
68|ProdFirst|Quel est l'un des cas les plus fréquent d'erreur humaine ?|la réalisation d'une action|FALSE|le non respect des consignes|TRUE|la modification en prod|FALSE|||
69|Risk&Security|Les activités principales des Risques IT sont structurées en 3 blocs organisationnels interdépendants :|"Cybersécurité
Obsolescence et Vulnérabilité
Contrôle permanent"|FALSE|"- Fonction CISO (Sécurité des Systèmes d'Information)
- Fonction Management des Risques IT (Cartographie des risques, filière référents sécurité Clusters)
- Suivi opérationnel des recommandations d’Audit CA-GIP "|TRUE|"Gestion des incidents et problèmes
Patch management
Gestion des frozen zone"|FALSE|"Gestion des plans de secours (PSSI)
Gestion de la résilience (DRP)
Gestion des vulnérabilités"|FALSE|
70|Risk&Security|L'activité Risque IT CA-GIP intervient en première ligne, en collaboration étroite avec le Centre Opérationnel de Cyberdéfense CA-GIP|TRUE|TRUE|FALSE|FASLE|||||
71|Risk&Security|La vision globale des risques CA-GIP est portée par :|Le Centre Opérationnel de Cyberdéfense |FALSE|Le CISO Groupe|FASLE|Le Socle Cyberdéfense|FALSE| L'équipe « Contrôle Permanent Risques »|TRUE|
72|Risk&Security|Les missions de l'équipe Cyber Sécu de CA-GIP sont : (plusieurs réponses possibles)|Garantir le respect des cahiers des charges sécuritaires et de la maîtrise des Risques Informatiques|TRUE|"Piloter les incidents de sécurité impactant les services SI offerts par CA-GIP ou 
utilisés pour son propre compte est centralisé par CA-GIP"|FASLE|Rendre compte de la situation sécuritaire de CA-GIP aux clients, au Groupe, aux autorités|TRUE|Définir la stratégie d'évolution de la sécurité de CA-GIP |TRUE|
73|Risk&Security|Que signifie VCE ?|Une vulnérabilité critique exploitable|TRUE|Une vulnérabilité d'un composant exploitable|FASLE|Une véritable criticité d'entreprise|FALSE|Une vulnérablité critique d'entreprise|FALSE|
74|Risk&Security|Le traiement des VCE est prioritaire par rapport aux évolutions métier de mon périmètre|VRAI |TRUE|FALSE|FASLE|||||
75|Risk&Security|TENABLE est un outil pour réaliser les tests de vulnérabilité des serveurs|Vrai |TRUE|FALSE|FASLE|||||
76|Risk&Security|Que faire si je reçois un SMS de provenance inconnue ? (plusieurs réponses possibles)|"Je ne clique pas sur les liens et je n’ouvre pas de documents dans les sms 
suspects"|TRUE|Je ne réponds pas au sms|TRUE|"Je contacte l'émetteur par un autre canal déjà établi pour vérifier l’authenticité 
du message"|TRUE|Je communique mon adresse mail professionnelle|FALSE|
77|Risk&Security|Que faire si je reçois un mail de provenance inconnue ? (plusieurs réponses possibles)|Je réponds au mail|FALSE| Je ne clique pas sur les liens ou les pièces jointes dans les mails suspects|TRUE|En cas de doute,  je transfère le mail en pièce-jointe au SOC|TRUE|Je ne réponds pas au mail|TRUE|
78|Risk&Security|Quels sont les niveaux de confidentialité des données ? (plusieurs réponses possibles)|Extrêmement confidentiel|FALSE|Hautement confidentiel|TRUE|Public|TRUE|Usage interne|TRUE|
79|Risk&Security|Comment procéder si j'ai besoin d'installer un logiciel ?|J'ouvre mon navigateur et je cherche le logiciel sur Google|FALSE|Je branche une clé USB contenant le logiciel|FASLE| Je regarde dans le catalogue applicatif s’il est disponible, sinon je fais une demande METIS.|TRUE|||
80|Risk&Security|"Quelle est la procédure à suivre pour assurer la prise de connaissance
de la documentation cybersécurité par les nouveaux arrivants (Interne & Externe) ?"|" Les nouveaux arrivants doivent recevoir un Welcome Pack 
comprenant uniquement les fiches réflexes"|FALSE|"Les prestataires doivent passer un quiz sur Forms 
après avoir consulté le Welcome Pack prestataire
Les internes doivent lire la Politique de sécurité 
des systèmes d'information et le code de conduite CA-GIP"|TRUE|||||
81|Risk&Security|"Lors de la gestion d'un projet, quelles mesures
de sécurité doivent être prises en compte ?"|"Consulter le guichet Accompagnement Risques et 
Sécurité (ARS) pour identifier les risques."|TRUE|"Assurer une mise à jour des logiciels 
sans passer par l'ARS."|FASLE|Ignorer les enjeux de sécurité pour les petits projets.|FALSE|"Inclure systématiquement les enjeux de 
sécurité dans la planification du projet."|TRUE|
82|Risk&Security|Comment communiquer efficacement sur l'organisation de la sécurité chez CA-GIP ?|Promouvoir les acteurs clés de la sécurité et leur rôle auprès des collaborateurs.|TRUE|"S'assurer que chaque collaborateur puisse identifier 
le référent sécurité relatif à son périmètre."|TRUE|"Envoyer des newsletters mensuelles sur les
 nouvelles menaces de cybersécurité."|FALSE|||
83|Risk&Security|Quels sont les éléments essentiels pour gérer efficacement les besoins en matière de cybersécurité ?|"Attendre que les incidents de sécurité surviennent 
avant de définir les besoins."|FALSE|Ignorer les nouveaux besoins en matière de cybersécurité pour éviter des dépenses inutiles.|FASLE|"Communiquer les besoins en cybersécurité 
au référent sécurité pour initier les actions nécessaires."|TRUE|||
84|Risk&Security|"Comment promouvoir efficacement la sensibilisation à la
cybersécurité auprès des collaborateurs"|"Exiger que les collaborateurs suivent les sessions 
de sensibilisation et formations attribuées."|TRUE|"Ignorer les formations pour les collaborateurs 
ayant plus de 5 ans d'ancienneté."|FASLE|"Diffuser l'adresse 
CA-GIP_Communication_Cybersecurite@CA-GIP.fr 
pour toutes les questions relatives à la cybersécurité."|TRUE|||
85|Risk&Security|Quelles sont les responsabilités du chargé du suivi des recommandations d'audit CA-GIP ?|S'assurer que les preuves fournies sont en adéquation avec les attendus des auditeurs.|TRUE|Aider les porteurs de recommandations à planifier les actions de remédiation.|TRUE|"Ne pas participer aux étapes de restitution 
liées à une nouvelle mission d'audit."|FALSE|Prendre part active dans l'élaboration du reporting destiné aux différentes directions.|TRUE|
86|Risk&Security|Quel document n'est pas inclus dans le Welcome Pack destiné aux prestataires ?|Les règles de sécurité CA-GIP relatives aux prestataires au format vidéo.|TRUE|Le Passeport Cybersécurité.|TRUE|La Charte RGPD Prestataires.|TRUE| Le guide d'utilisation des logiciels Métier|FALSE|Difficile
87|Risk&Security|Pourquoi est-il important d'intégrer la sécurité dès le début d'un projet ?|Pour répondre uniquement aux exigences légales.|FALSE|"Pour anticiper les risques et éviter des
 incidents de sécurité."|TRUE|"Pour réduire les coûts en évitant les 
révisions post-projet."|FALSE|Pour améliorer la qualité globale du projet.|TRUE|
88|Risk&Security|Quels moyens peuvent être utilisés pour promouvoir les acteurs clés de la sécurité chez CA-GIP ?|Organiser des ateliers et séminaires sur la cybersécurité.|TRUE|Afficher les informations des référents sécurité dans les espaces communs.|TRUE|" Limiter l'accès aux informations des référents 
sécurité pour des raisons de confidentialité."|FALSE|Inclure une section dédiée à la sécurité dans la newsletter interne.|TRUE|
89|Risk&Security|Lors de la planification du budget pour la cybersécurité, quelle pratique est recommandée ?|Consulter le référent sécurité avant de définir le budget|TRUE|Allouer une part flexible du budget selon les besoins identifiés en cours d'année|TRUE|"Réduire les dépenses liées à la cybersécurité 
pour minimiser les coût projet"|FALSE|Inclure des marges pour les nouvelles menaces ou besoins imprévus|TRUE|
90|Risk&Security|Pourquoi est-il essentiel que les collaborateurs suivent régulièrement des formations en cybersécurité ?|Pour s'assurer que les collaborateurs sont au courant des dernières menaces|TRUE|Pour permettre aux collaborateurs d'obtenir une certification en cybersécurité|FASLE|"Pour améliorer leur productivité en réduisant les
 interruptions dues aux incidents de sécurité"|TRUE|Pour que chaque collaborateur puisse devenir un référent sécurité.|FALSE|
91|Risk&Security|Comment intégrer la cybersécurité dans les objectifs individuels des collaborateurs ?|En fixant des objectifs spécifiques alignés avec la stratégie globale de CA-GIP|TRUE|En réduisant la charge de travail pour se concentrer sur la cybersécurité.|FASLE|||||
92|Risk&Security|"Quel rôle joue le chargé du suivi des recommandations
d’audit dans le cadre des missions d’audit ?"|Il fournit directement des recommandations aux équipes auditées.|FALSE|Il aide à planifier les actions de remédiation avec les porteurs de recommandations|TRUE|Il vérifie la conformité des preuves fournies avec les attentes des auditeurs|TRUE|Il ne participe pas aux étapes de restitution des audits.|FALSE|
93|Risk&Security|"Quel est un moyen efficace de répondre aux questions
des collaborateurs sur la cybersécurité ?"|Envoyer un email collectif à tous les collaborateurs chaque semaine.|FALSE|Utiliser une adresse email dédiée comme CA-GIP_Communication_Cybersecurite@CA-GIP.fr|TRUE|Solliciter les moyens généraux|FALSE|||
94|Risk&Security|"Quelle est l'importance d'intégrer la cybersécurité dans
les objectifs individuels des collaborateurs"|Cela permet de responsabiliser chaque collaborateur vis-à-vis de la sécurité de l'information.|TRUE|Cela garantit que tous les collaborateurs suivent la stratégie globale de CA-GIP en matière de sécurité.|TRUE|Cela augmente le risque d'incidents en surchargeant les collaborateurs|FALSE|Cela rend les objectifs plus difficiles à atteindre|FALSE|
95|Risk&Security|"Quelle est la meilleure approche pour s'assurer que les
politiques de sécurité sont bien comprises par tous les collaborateurs"|Les distribuer lors de réunions annuelles|FALSE|Les inclure dans le Welcome Pack pour chaque nouvel arrivant|TRUE|Former uniquement les managers sur ces politiques|FALSE|||
96|Risk&Security|Qui faut-il prévenir si l'on pense avoir cliqué sur un lien frauduleux?|Son manager|FALSE|Ses clollègues|FASLE|Les ressources humaines|FALSE|L'équipe de sécurité informatique|TRUE|
97|Risk&Security|Après avoir cliqué sur un mail de phishing, il n'est pas utile de prévenir l'équipe de sécurité|Vrai |FALSE|FALSE|TRUE|||||
98|Risk&Security|Quels indices permettent d'identifier un mail de phishing?|l'adresse mail de l'expéditeur|TRUE|Le lien cliquable|TRUE|L'absence de signature|TRUE|les spamwords|TRUE|
99|Risk&Security|Qu'est ce que le phishing|Consiste à obtenir illégalement des informations sensibles|TRUE|Consiste à obtenir légalement des informations sensibles|FASLE|Consiste à la création légalement d'une base d'informations sensibles|FALSE|||
100|Risk&Security|Qu'est ce qu'une attaques par déni de service et DDoS|Consiste à submerger les ressources d’un système jusqu’à ce qu’il soit incapable de répondre à des demandes de service légitimes.|TRUE|Consiste à ne pas pouvoir mettre sont mot de passe|FASLE|Consiste à créer une vulnérabilité pour lancer un autre type d’attaque|TRUE|||
101|Risk&Security|Qu'est ce qu'ne attaque de type Man-in-the-middle ou l’homme du milieu (MITM)|La récupération de coordonnées, type bancaire|FALSE|Passer le portique en même temps que quelqu'un d'autre |TRUE|Consiste d’écouter informatiquement les données envoyées entre deux personnes, réseaux ou ordinateurs.|FALSE|||
102|Risk&Security|Qu'est ce qu'un Ransomware|Consiste à maintenir en otage le système jusqu’à l'acceptation de payer une rançon,|TRUE|Consiste à bloquer l'acces au système|TRUE|Réclamer un rançon,|TRUE|||
103|Risk&Security|Qu'est ce qu'un Malware|un nouveau jeu|FALSE|un logiciel malveillant qui infecte un ordinateur et modifie son fonctionnement, détruit des données ou espionne l’utilisateur ou le trafic réseau.|TRUE|Un mail frauduleux|FALSE|||
104|Risk&Security|Qu'est ce qu'un Trojans ou chevaux de Troie|Consiste à créer une vulnérabilité pour lancer un autre type d’attaque|TRUE|Le nom du cheval grecque|FASLE|Consiste à utiliser un programme malveillant caché à l’intérieur d’un programme apparemment légitime, pour ouvrir une porte dérobée dans le système à travers laquelle les hackers peuvent pénétrer|TRUE|||
105|Risk&Security|Qu'est-ce qu'un événement de sécurité dans un système d'information ?|"Un changement d'état dans un système d'information 
qui peut indiquer un risque pour l'organisation."|TRUE|Une mise à jour régulière du système sans impact sur la sécurité.|FASLE|Une simple alerte générée par un antivirus sans conséquence réelle.|FALSE|Un accès autorisé à des données par un utilisateur légitime.|FALSE|
106|Risk&Security|Quelle définition correspond à un incident de sécurité de l'information ?|"Un événement de sécurité indésirable ou inattendu 
qui pourrait compromettre les opérations de l'organisation"|TRUE|Un accès non autorisé aux informations par un employé de l'entreprise.|FASLE|Un incident mineur sans impact sur les opérations de l'entreprise|FALSE|Un incident de sécurité est toujours le résultat d'une attaque malveillante.|FALSE|
107|Risk&Security|Quels sont les critères DICP affectés par un incident de sécurité ?|Disponibilité|TRUE|Intégrité|TRUE| Confidentialité|TRUE|Preuve/Traçabilité|TRUE|
108|Risk&Security|"Si vous recevez une alerte de sécurité émise par le SOC,
quelle est la première action à entreprendre ?"|Ignorer l'alerte si elle ne vous semble pas urgente.|FALSE|"Contacter immédiatement votre responsable 
pour confirmer l’alerte."|TRUE|"Vérifier si l'alerte correspond à un incident 
potentiel sur votre périmètre."|TRUE|Attendre que le SOC vous contacte directement avec plus d'informations.|FALSE|
109|Risk&Security|"Que devez-vous faire si vous constatez la perte d’une clé USB
contenant des données personnelles sensibles ?"|"Informer immédiatement votre référent sécurité ou le 
Help Desk."|TRUE|"Tenter de récupérer les données par vos propres 
moyens."|FASLE|Attendre de voir si la clé USB est retrouvée avant d’alerter qui que ce soit.|FALSE|Informer la CNIL directement.|FALSE|
110|Risk&Security|"Si vous recevez un email suspect qui pourrait être du phishing,
quelle est la bonne action à effectuer ?"|Ouvrir l'email pour vérifier son contenu|FALSE|Signaler immédiatement l'email au SOC ou au Help Desk|TRUE|Transférer l'email à vos collègues pour confirmation|FALSE|Supprimer l'email sans en informer qui que ce soit|FALSE|
111|Risk&Security|Si vous découvrez que des données à caractère personnel ont été accidentellement divulguées, quelle est votre première étape ?|Signaler immédiatement la violation au référent sécurité ou au Help Desk|TRUE|Informer les personnes concernées par la violation|FASLE|Tenter de corriger l’erreur sans en informer qui que ce soit|FALSE|Archiver les données pour éviter leur utilisation future|FALSE|
112|Risk&Security|Quelle est une bonne pratique pour prévenir les incidents de sécurité dans votre travail quotidien ?|"Utiliser des mots de passe forts et les changer régulièrement.
Conformément aux règles CA"|TRUE|Partager vos identifiants de connexion avec vos collègues pour faciliter le travail d’équipe|FASLE|Installer des logiciels non approuvés si cela vous semble nécessaire|FALSE|||
113|Risk&Security|"Lorsque le SOC émet une alerte qui concerne directement
votre périmètre, que devez-vous faire ?"|Évaluer rapidement l'impact potentiel sur votre système.|TRUE|Ignorer l’alerte si vous pensez qu’elle ne concerne pas votre travail|FASLE|Informer vos supérieurs de l’alerte.|TRUE|Fermer l'alerte après avoir évalué que tout est sous contrôle.|FALSE|
114|Risk&Security|Lorsqu’un incident de sécurité est confirmé, quelle est la première priorité opérationnelle ?|Identifier la source de l'incident et tenter d'en limiter les conséquences|TRUE|Informer immédiatement toutes les équipes concernées, y compris la direction|FASLE|Continuer à travailler normalement tant que l’incident ne vous impacte pas directement|FALSE|Rédiger un rapport d'incident avant toute autre action|FALSE|
115|Risk&Security|Qu'est ce que PCI DSS?|Plan de Certification interne propre à CA-GIP|FALSE|Payment  Card Industry Data Security Standard|TRUE|Projet Certifié International de Développement des Standards de Sécurité|FALSE|Programme Centralisé Interne de Diffusion Sécurisée du Système|FALSE|
116|Risk&Security|Qu'est ce qu'un PSI?|Plan de Sécurité Interne propre à CA-GIP|FALSE|Plan de secours Informatique|TRUE|Un plan qui permet de prévenir la fraude bancaire|FALSE|Un plan qui permet de prévenir la perte de données critiques en mettant en place des procédures de sauvegarde efficaces|TRUE|
117|Client|Pourquoi est-il important de comprendre les besoins spécifiques du client dans l'environnement CAGIP|Pour proposer des solutions standards.|FALSE|Pour fournir des solutions adaptées et personnalisées : Comprendre les besoins spécifiques du client permet de fournir des solutions adaptées et personnalisées, ce qui améliore la satisfaction du client et la pertinence des services offerts.|TRUE|Pour éviter de travailler trop dur|FALSE|Pour réduire les coûts d'exploitation|FALSE|
118|Client|Comment chez CAGIP peut-on identifier les objectifs à court, moyen et long terme d'un client|En évitant de poser trop de questions|FALSE|Par des discussions approfondies et l'analyse des processus métiers. : Par des discussions approfondies, des questionnaires, et l'analyse des processus métiers et des attentes du client.|TRUE|En analysant uniquement les documents de l'entreprise|FALSE|||
119|Client|Quelles méthodes chez CAGIP peuvent être utilisées pour analyser les processus métiers d'un client ?|Entretiens. Entretiens, ateliers de travail, et études de flux de travail.|TRUE|Ateliers de travail.|TRUE|Études de flux de travail.|TRUE|Ignorer les processus métiers|FALSE|
120|Client|Quels avantages CAGIP offre comme solution personnalisée par rapport à une solution standard ?|Répond mieux aux besoins spécifiques du client. Une solution personnalisée répond mieux aux besoins spécifiques du client, ce qui peut améliorer l'efficacité et la satisfaction.|TRUE|Améliore l'efficacité.|TRUE|Augmente les coûts.|FALSE|Améliore la satisfaction du client.|TRUE|
121|Client|Quelle est l'importance pour CAGIP de maintenir une communication ouverte avec le client|Pour construire une relation de confiance : Une communication ouverte permet de construire une relation de confiance, de résoudre rapidement les problèmes et de s'assurer que les attentes du client sont bien comprises et satisfaites|TRUE|Pour éviter les conflits internes.|FALSE|Pour minimiser les échanges|FALSE|Pour garantir que les attentes du client sont bien comprises.|TRUE|
122|Client|Quels types de rapports devraient être fournis régulièrement au client|Des rapports de performance :  Des rapports de performance, des rapports d'incidents et de résolutions, ainsi que des rapports d'activité mensuels ou trimestriels|TRUE|Des rapports financiers internes.|FALSE|Des rapports d'incidents et de résolutions|TRUE|Des rapports d'activité mensuels ou trimestriels|TRUE|
123|Client|Comment CAGIP gére efficacement les attentes des clients ?|En communiquant clairement sur les capacités et les limites des services.    En communiquant clairement sur les capacités et les limites des services, et en tenant le client informé de toute évolution.|TRUE|En évitant de parler des limitations.|FALSE|En tenant le client informé de toute évolution.|TRUE|En promettant plus que ce qui peut être livré.|FALSE|
124|Client|Que faire en cas de problème ou d'incident majeur ?|Informer immédiatement le client.|TRUE|Expliquer la situation et les mesures prises pour résoudre le problème.|TRUE|Ne pas informer le client pour éviter le stress.|FALSE|Fournir des mises à jour régulières jusqu'à la résolution.|TRUE|
125|Client|Qu'est-ce qu'un SLA|Un contrat qui définit les niveaux de service attendus : Un SLA (Service Level Agreement) est un contrat qui définit les niveaux de service attendus entre un fournisseur de services et un client.|TRUE|Un outil de gestion des employés.|FALSE|Une liste de prix des services|FALSE|Un plan de marketing pour attirer de nouveaux clients|FALSE|
126|Client|Pourquoi est-il crucial de respecter les SLA|Pour maintenir la satisfaction et la confiance du client : Le respect des SLA garantit que les engagements pris sont tenus, ce qui maintient la satisfaction et la confiance du client|TRUE|Pour éviter les pénalités financières|TRUE|Pour impressionner les concurrents.|FALSE|Pour réduire le coût des services|FALSE|
127|Client|Quels sont les éléments clés à inclure dans un SLA ?|Niveau de service attendu.|TRUE|Temps de réponse et de résolution.|TRUE|Disponibilité.|TRUE|Pénalités en cas de non-respect des engagements.|TRUE|
128|Client|Comment CAGIP mesure l'atteinte des niveaux de service définis dans le SLA ?|Par des indicateurs de performance. Par des indicateurs de performance et des rapports réguliers de suivi des SLA.|TRUE|Par des rapports réguliers de suivi des SLA.|FALSE|||||
129|Client|Qu'entend-on par proactivité dans un service d'infogérance au sein de CAGIP ?|Attendre que le client demande des améliorations.|FALSE|Anticiper les besoins futurs du client. : La proactivité consiste à anticiper les besoins futurs du client et à proposer des améliorations avant même que le client ne les demande.|TRUE|Réagir seulement aux problèmes majeurs|FALSE|Proposer des améliorations avant que le client ne les demande|TRUE|
130|Client|Pourquoi l'innovation chez CAGIP est-elle importante en infogérance ?|Pour proposer des solutions plus efficaces. L'innovation permet de proposer des solutions plus efficaces, de réduire les coûts et d'améliorer la performance des systèmes.|TRUE|Pour réduire les coûts et améliorer la performance.|FALSE|Pour éviter les mises à jour logicielles|FALSE|||
131|Client|Comment CAGIP anticipe les besoins futurs d'un client ?|En analysant les tendances du marché. En analysant les tendances du marché, en restant à l'écoute des évolutions technologiques et en échangeant régulièrement avec le client.|TRUE|En restant à l'écoute des évolutions technologiques.|TRUE|En échangeant régulièrement avec le client.|TRUE|En se concentrant uniquement sur les besoins actuels.|FALSE|
132|Client|Quels types d'innovations peuvent être proposés en infogérance ?|Nouvelles technologies.|TRUE|Automatisation des processus.|TRUE|Solutions basées sur l'intelligence artificielle.|TRUE|Réductions de personnel.|FALSE|
133|Client|Quelles mesures peuvent être prises par CAGIP pour garantir la confidentialité des données du client|Audits réguliers, et politiques strictes de gestion des données.|TRUE|Accès restreint|TRUE|Partage libre des données|FALSE|audits réguliers, et politiques strictes de gestion des données.|FALSE|
134|Client|Quels sont les avantages pour CAGIP de se conformer aux normes de sécurité comme ISO 27001|Renforcer la confiance des clients    Conformité aux normes de sécurité reconnues renforce la confiance des clients et garantit un niveau élevé de protection des informations.|TRUE|Réduire les coûts de sécurité|FALSE|Garantir un niveau élevé de protection des informations|TRUE|Simplifier la gestion des données|FALSE|
135|Client|Comment CAGIP assure la sécurité des systèmes gérés ?|) Par la mise en place de pare-feu.    Par la mise en place de pare-feu, de systèmes de détection d'intrusion, et de politiques de sécurité strictes.|TRUE|Par des systèmes de détection d'intrusion.|TRUE|Par des politiques de sécurité strictes.|TRUE|En réduisant les mises à jour de sécurité.|FALSE|
136|Client|Quels sont les risques pour CAGIP de ne pas garantir la confidentialité des données ?|Pertes financières.|TRUE|Dommages à la réputation.|TRUE|Sanctions légales.|TRUE|Augmentation des coûts de marketing.|FALSE|
137|Client|Comment une entreprise d'infogérance peut-elle démontrer sa flexibilité ?|En s'adaptant rapidement aux changements des besoins du client. |TRUE|En offrant des solutions fixes|FALSE|En rejetant les nouvelles demandes du client|TRUE|En offrant des solutions modulaires et évolutives.|FALSE|
138|Client|Pourquoi l'adaptabilité chez CAGIP est-elle cruciale dans le domaine de l'infogérance ?|Parce que les besoins évoluent rapidement. :    Parce que les besoins et les technologies évoluent rapidement, et une entreprise d'infogérance doit pouvoir s'adapter pour rester pertinente.|TRUE|Pour rester pertinent face à la concurrence.|TRUE|Pour éviter de changer les services|TRUE|Parce que les technologies évoluent rapidement.|FALSE|
139|Client|Comment CAGIP propose des solutions modulaires à un client ?|En concevant des services qui peuvent être facilement étendus ou réduits. En concevant des services qui peuvent être facilement étendus ou réduits en fonction des besoins du client|TRUE|En utilisant des outils propriétaires fermés.|FALSE|En évitant de personnaliser les services.|TRUE|En offrant des options flexibles et personnalisables.|FALSE|
140|Client|Pourquoi est-il important pour CAGIP d'offrir des solutions évolutives ?|Pour permettre aux systèmes de croître avec les besoins du client.|TRUE|Pour éviter des refontes complètes.|TRUE|Pour réduire les coûts initiaux.|FALSE|Pour garantir une satisfaction client à long terme.|TRUE|
141|Client|Quel type de support technique CAGIP devrait offrir aux clients ?|Support technique réactif.    Un support technique réactif, compétent et disponible 24/7 pour résoudre rapidement les problèmes.|TRUE|Support technique disponible 24/7 |FALSE|Support technique uniquement durant les heures de bureau.|TRUE|Support technique compétent.|FALSE|
142|Client|Quel est le rôle du support technique de CAGIP dans la satisfaction client ?|Réduire les temps d'arrêt.|TRUE|Résoudre rapidement les problèmes.|TRUE|Ignorer les petits problèmes|FALSE|Améliorer la satisfaction client en offrant un support de qualité.|TRUE|
143|Client|Comment garantir que le personnel du client est bien formé ?|En proposant des sessions de formation régulières.|TRUE|En fournissant des ressources de formation accessibles.|TRUE|En ne faisant pas de formation pour réduire les coûts.|FALSE|En utilisant des méthodes d'apprentissage en ligne et sur site.|TRUE|
144|Client|Quel est l'objectif principal de la gestion des incidents ?|Augmenter les coûts.|FALSE|Réduire le temps de résolution et minimiser l'impact des incidents sur les opérations du client.|TRUE|Minimiser l'impact des incidents sur les opérations.|TRUE|Eviter les audits.|FALSE|
145|Client|Pourquoi est-il important d'analyser les incidents pour éviter leur récurrence chez CAGIP?|Pour identifier les causes sous-jacentes. :  Pour identifier les causes sous-jacentes et mettre en place des mesures correctives, ce qui améliore la stabilité et la fiabilité des systèmes.|TRUE|Pour mettre en place des mesures correctives.|TRUE|Pour augmenter les incidents.|FALSE|Pour améliorer la stabilité et la fiabilité des systèmes.|TRUE|
146|Client|Quel est le processus typique de gestion d'un incident ?|Identification, Enregistrement|TRUE|Classification|TRUE|Investigation|TRUE|Résolution et clôture |TRUE|
147|Client|Comment une gestion proactive des problèmes peut-elle améliorer les services ?|En identifiant les problèmes avant qu'ils ne deviennent des incidents.|TRUE|En résolvant les problèmes rapidement.|TRUE|En augmentant les incidents.|FALSE|En réduisant les interruptions de service.|TRUE|
148|Client|Que se passe-t-il si la GTR n'est pas respectée ?|Cela n’a aucun impact sur le service.|FALSE|Il peut y avoir des pénalités pour le fournisseur et une insatisfaction des clients.|TRUE|Le service continue normalement sans conséquences.|FALSE|||
149|Client|Comment CAGIP peut construire une relation de confiance avec un client ?|En étant transparent. En étant transparent, honnête, professionnel, et en respectant les engagements pris.|TRUE|En cachant les problèmes|FALSE|En respectant les engagements pris.|TRUE|En agissant dans le meilleur intérêt du client.|TRUE|
150|Client|Pourquoi la disponibilité de CAGIP est-elle importante dans une relation client ?|Pour montrer l'engagement envers le client.|TRUE|Pour répondre aux besoins du client rapidement.|TRUE|Pour réduire les coûts d'opération.|FALSE|Pour éviter les interactions avec le client.|FALSE|
151|Client|Comment CAGIP démontre l'intégrité dans une relation d'infogérance ?|En respectant les engagements.|TRUE|En étant transparent sur les problèmes.|TRUE|En cachant les problèmes.|FALSE|En agissant dans le meilleur intérêt du client.|TRUE|
152|Client|Quel est l'impact d'un bon service client sur la relation d'infogérance ?|Renforce la confiance et la fidélité.|TRUE|Peut mener à des relations à long terme.|TRUE|Augmente les coûts d'opération.|FALSE|Améliore la satisfaction client.|TRUE|
153|Client|Quels indicateurs de performance peuvent être utilisés pour évaluer les services rendus ?|Taux de disponibilité. Taux de disponibilité, temps moyen de résolution des incidents, satisfaction client, et respect des SLA.|TRUE|Temps moyen de résolution des incidents.|TRUE|Satisfaction client.|TRUE|Respect des SLA.|TRUE|
154|Client|Pourquoi est-il important pour CAGIP de solliciter les retours des clients ?|Pour identifier les domaines à améliorer : Les retours des clients permettent d'identifier les domaines à améliorer et de renforcer la satisfaction client.|TRUE|Pour renforcer la satisfaction client.|TRUE|Pour obtenir des compliments.|FALSE|Pour améliorer les services offerts.|TRUE|
155|Client|Pourquoi réaliser des audits réguliers des services fournis ?|Pour s'assurer que les services respectent les standards et les attentes.|TRUE|Pour identifier les domaines à améliorer.|TRUE|Pour réduire les coûts d'opération.|FALSE|Pour augmenter la complexité de la gestion.|FALSE|
156|Client|Comment utiliser les feedbacks clients pour améliorer les services ?|En analysant les retours. En analysant les retours, en identifiant les tendances et les points de friction, et en apportant des ajustements aux services offerts.|TRUE|En identifiant les tendances et les points de friction.|TRUE|En apportant des ajustements aux services offerts.|TRUE|En ignorant les feedbacks négatifs.|FALSE|
157|Client|Le Cluster CLP:|Est le Cluster Paiement|TRUE|Gère l'intégration et l'exploitation du périmètre applicatif de CA-PS et AVEM|TRUE|Est le Custer de Proximité |FALSE|Gère l'intégration et l'exploitation du périmètre applicatif du LCL|FALSE|
158|Client|Le Cluster SFS:|Est le Cluster Services Financiers Standards|FALSE|Gère l'intégration et l'exploitation du périmètre applicatif de AVEM|FALSE|Gère l'intégration est l'exploitation du périmètre applicatif de CAPFM Group et CAL&F|TRUE|Est le cluster Service Financiers Spécialisés|TRUE|
159|Client|Le cluster BPC:|Est le Cluster Banque de proximité Corporate|FALSE|Est le Cluster Banque de proximité Crédit Agricole S.A|TRUE|Gère l'intégration est l'exploitation du périmètre applicatif du LCL |TRUE|Gère l'intégration est l'exploitation du périmètre applicatif de BforBank|TRUE|
160|Client|Le cluster BPCR:|Est le Cluster de Proximité des Caisses Régionales|TRUE|Est le Cluster Banque de proximité Crédit Agricole S.A|FALSE|Gère l'intégration est l'exploitation du périmètre applicatif du LCL et des caisses régionales|FALSE|Gère l'intégration est l'exploitation du périmètre applicatif des caisses régionales et de la banques Chalus|TRUE|
161|Client|Le cluster GEA|Est le Cluster Gestion de l'Exploitation et Audit|FALSE|Gère l'intégration est l'exploitation du périmètre applicatif des Assurances uniquement|FALSE|Est le Cluster Gestion de l'Epargne et Assurances|TRUE|Gère l'intégration est l'exploitation du périmètre applicatif des Assurances, Amundi, CA-Titres et CA- Immobilier|TRUE|
162|Client|Le Cluster CIB|Est le Cluster dédié au périmètre CACIB|TRUE|Gère l'intégration est l'exploitation du périmètre applicatif des Assurances |FALSE|||||
163|Client|Le cluster CXi:|Est le cluster dédié au périmètre de CACEIS, CASA et Indosuez|TRUE|Est le Cluster dédié au périmètre  LCL et CAPS|FALSE|||||
164|OneTeam|"Que signifie pour vous l'approche ""OneTeam"" ?  "|Permet à l'équipe de collaborer de manière fluide avec un objectif commun  |TRUE|Encourager la compétition entre les membres de l'équipe  |FALSE|Garantir la stabilité et l'efficacité des services de production  |FALSE|Créer des sous-équipes indépendantes sans collaboration  |FALSE|
165|OneTeam|"Quels sont les avantages d'une approche ""OneTeam"" dans la gestion de la production ?  "|Améliorer la communication et la transparence entre les équipes  |TRUE|Détection rapide des problèmes et une meilleure gestion des incidents  |TRUE|Favorise l'engagement des équipiers  |TRUE|Augmente la hiérarchisation des tâches et des rôles  |FALSE|
166|OneTeam|"Est-ce que l'approche ""OneTeam"" facilite la gestion des incidents en production ?  "|Favorise la collaboration entre les différentes personnes de l'équipe  |TRUE|Améliore le temps moyen de résolution des incidents  |TRUE|Diminue la nécessité de communication entre les membres  |FALSE|Augmente la charge de travail pour chaque membre  |FALSE|
167|OneTeam|"Comment assurer une meilleure communication dans une approche ""OneTeam"" ?  "|Comprendre l'organisation de CAGIP  |TRUE|Partager l'information de manière transparente et régulière  |TRUE|Maintenir en tant qu'opérationnel mon niveau de connaissances techniques et applicatives  |TRUE|Limiter la diffusion d'information aux chefs d'équipe uniquement  |FALSE|
168|OneTeam|"Comment l'approche ""OneTeam"" impacte l'intégration continue (CI) et le déploiement continu (CD) ?  "|Fluidifier la communication entre le développeur et l'opérationnel  |TRUE|Anticiper les problèmes liés au déploiement en production grâce à la collaboration inter-équipes  |TRUE|Encourager le développement indépendant sans consultation  |FALSE|Réduire les interactions entre les équipes techniques et opérationnelles  |FALSE|
169|OneTeam|"Comment gérer la connaissance dans une équipe ""OneTeam"" pour centraliser la documentation ?  "|Via WIKI  |TRUE|Via Confluence  |TRUE|Tout le monde accède à la même base de connaissances  |TRUE|La documentation est uniquement réservée aux managers  |FALSE|
170|OneTeam|"Quelle posture adopter dans une équipe ""OneTeam"" ?  "|Adopter une posture solidaire avec les collègues CAGIP  |TRUE|Exercer un devoir et droit d'alerte  |TRUE|Adopter une posture de conseil  ||Travailler de manière indépendante sans tenir compte des autres  |FALSE|
171|OneTeam|"Comment l'approche ""OneTeam"" influence la culture d'entreprise ?  "|Favoriser une culture plus collaborative et moins hiérarchique  |TRUE|Les équipes travaillent ensemble et partagent les succès comme les échecs  |TRUE|Renforce la responsabilité collective  |TRUE|Créer des silos d'information au sein de l'organisation  |FALSE|
172|ByDesign|"Qu'est-ce que le principe ""Separation of Concerns"" (Séparation des préoccupations) ?"|Concevoir chaque composant avec une seule responsabilité spécifique.|TRUE|Fusionner les fonctionnalités pour simplifier l'architecture.|FALSE|Utiliser le même code pour différentes applications.|FALSE|||
173|ByDesign|"Quel est le but de l'architecture ""Layered"" (couches) ?"|Simplifier l'accès à la base de données.|FALSE|Séparer les responsabilités entre différentes couches pour améliorer la maintenance et l'évolutivité.|TRUE|Ajouter plus de composants pour compliquer l'architecture.|FALSE|||
174|ByDesign|"Que signifie ""Loose Coupling"" (faible couplage) dans une architecture ?"|Les composants sont fortement dépendants les uns des autres.|FALSE|Les composants interagissent de manière minimale et indépendante.|TRUE|Les composants doivent être reliés directement par du code hardcodé.|FALSE|||
175|ByDesign|"Qu'est-ce que le principe ""High Cohesion"" (forte cohésion) ?"|Les composants doivent avoir plusieurs responsabilités.|FALSE|Les composants doivent être étroitement liés et spécialisés dans une seule tâche.|TRUE|Les composants doivent être redondants.|FALSE|||
176|ByDesign|"Quel est le principal objectif de l'architecture ""Microservices"" ?"|Regrouper tous les services dans un seul système.|FALSE|Diviser les applications en services indépendants pour améliorer la flexibilité et l'évolutivité.|TRUE|Utiliser un seul serveur pour tous les services.|FALSE|||
177|ByDesign|"Que signifie ""Scalability"" (évolutivité) dans le contexte de l'architecture ?"|La capacité à améliorer la sécurité du système.|FALSE|La capacité du système à gérer une augmentation de la charge de travail.|TRUE|La capacité à réduire la complexité du code.|FALSE|||
178|ByDesign|"Le principe ""Single Responsibility Principle"" (SRP) concerne :"|Un composant doit avoir plusieurs responsabilités.|FALSE|Un composant doit avoir une seule raison de changer.|TRUE|Un composant doit être aussi générique que possible.|FALSE|||
179|ByDesign|"Que signifie ""Fault Tolerance"" (tolérance aux pannes) dans une architecture ?"|Le système peut continuer à fonctionner même en cas de défaillance de certains composants.|TRUE|Le système s'arrête immédiatement lorsqu'une erreur se produit.|FALSE|Le système doit être redémarré après chaque erreur.|FALSE|||
180|ByDesign|"Quel est le but du ""Load Balancing"" (équilibrage de charge) ?"|Rediriger tout le trafic vers un seul serveur.|FALSE|Répartir la charge de travail entre plusieurs serveurs pour optimiser les performances.|TRUE|Augmenter la complexité du système en ajoutant plus de serveurs.|FALSE|||
181|ByDesign|"Que signifie le principe ""Don't Repeat Yourself"" (DRY) ?"|Répéter le même code dans différents composants pour simplifier le développement.|FALSE|Minimiser la redondance en partageant la logique réutilisable.|TRUE|Créer des composants identiques pour chaque fonctionnalité.|FALSE|||
182|ByDesign|"Quel est le but de l'architecture ""Event-Driven"" (basée sur les événements) ?"|Exécuter les opérations en séquence sans interactions.|FALSE|Réagir aux événements de manière asynchrone pour améliorer la réactivité du système.|TRUE|Éviter l'utilisation de messages asynchrones.|FALSE|||
183|ByDesign|"Que signifie ""Security by Design"" dans une architecture ?"|Ajouter des fonctionnalités de sécurité à la fin du développement.|FALSE|Intégrer la sécurité dès la conception initiale du système.|TRUE|Utiliser des mots de passe simples pour une meilleure accessibilité.|FALSE|||
184|ByDesign|"Que désigne le terme ""Scalability Verticale"" ?"|Ajouter plus de serveurs pour répartir la charge.|FALSE|Augmenter la capacité d'un serveur unique (CPU, RAM).|TRUE|Réduire le nombre de serveurs pour économiser des coûts.|FALSE|||
185|ByDesign|"Quelle est l'importance du principe ""Modularity"" (modularité) en architecture ?"|Créer des composants monolithiques pour simplifier la gestion.|FALSE|Diviser le système en modules indépendants pour améliorer la maintenance et la réutilisation.|TRUE|Fusionner tous les composants pour réduire la complexité.|FALSE|||
186|ByDesign|"Quel est le rôle de ""API Gateway"" dans une architecture microservices ?"|Fournir une interface unique pour accéder à différents services.|TRUE|Bloquer les accès externes aux microservices.|FALSE|Éliminer la communication entre les services.|FALSE|||
187|ByDesign|Quel est le but principal de la séparation des responsabilités dans une architecture ?|Faciliter la compréhension et la maintenance du système.|TRUE|Mélanger toutes les fonctionnalités dans une seule partie.|FALSE|Réduire le nombre de composants dans le système.|FALSE|||
188|ByDesign|Pourquoi les systèmes informatiques sont-ils souvent divisés en plusieurs couches ?|Pour rendre le système plus complexe.|FALSE|Pour que chaque couche ait un rôle spécifique, comme gérer l'affichage ou les données.|TRUE|Pour économiser de l'espace mémoire.|FALSE|||
189|ByDesign|"Que signifie ""faible couplage"" entre les parties d'un système ?"|Les parties du système sont très dépendantes les unes des autres.|FALSE|Les parties du système sont indépendantes et peuvent fonctionner séparément.|TRUE|Les parties du système ne peuvent pas fonctionner sans connexion permanente.|FALSE|||
190|ByDesign|"Pourquoi est-il important d’avoir une ""forte cohésion"" dans une partie d’un système ?"|Pour que chaque partie soit spécialisée dans une tâche précise et soit efficace.|TRUE|Pour que chaque partie puisse faire plusieurs tâches à la fois.|FALSE|Pour minimiser le nombre de parties dans le système.|FALSE|||
191|ByDesign|Quel est l'avantage de diviser une application en petits services indépendants (microservices) ?|Pour rendre l'application plus difficile à gérer.|FALSE|Pour faciliter les mises à jour et améliorer la flexibilité.|TRUE|Pour regrouper tous les services en un seul bloc.|FALSE|||
192|ByDesign|"Que signifie ""évolutivité"" pour un système informatique ?"|La capacité du système à rester stable avec un seul utilisateur.|FALSE|La capacité du système à gérer une augmentation du nombre d’utilisateurs ou de données.|TRUE|Réduire les fonctionnalités du système au minimum.|FALSE|||
193|ByDesign|"Que signifie ""responsabilité unique"" pour une partie du système ?"|Chaque partie doit faire plusieurs tâches différentes.|FALSE|Chaque partie ne doit avoir qu'une seule raison de changer.|TRUE|Chaque partie doit être capable de remplacer les autres.|FALSE|||
194|ByDesign|Pourquoi la tolérance aux pannes est-elle importante dans un système ?|Pour que le système fonctionne même si une partie échoue.|TRUE|Pour réduire les coûts en arrêtant le système en cas de panne.|FALSE|Pour que le système redémarre automatiquement après chaque erreur.|FALSE|||
195|ByDesign|Quel est le rôle de l’équilibrage de charge dans un système ?|Répartir le travail entre plusieurs serveurs pour éviter la surcharge.|TRUE|Forcer tout le travail à être fait par un seul serveur.|FALSE|Bloquer l’accès à certains utilisateurs pour réduire la charge.|FALSE|||
196|ByDesign|"Que signifie ""Ne te répète pas"" (Don't Repeat Yourself) en conception de système ?"|Éviter de réutiliser du code et le recréer à chaque fois.|FALSE|Réduire la redondance en partageant des morceaux de code réutilisables.|TRUE|Répéter les mêmes lignes de code pour faciliter la lecture.|FALSE|||
197|ByDesign|Quel est l'avantage d'un système basé sur des événements (Event-Driven) ?|Faire fonctionner les actions en ordre sans interruption.|FALSE|Réagir aux événements rapidement et de manière flexible.|TRUE|Empêcher les utilisateurs d’interagir avec le système en temps réel.|FALSE|||
198|ByDesign|"Pourquoi la sécurité doit-elle être intégrée dès la conception d'un système (""Security by Design"") ?"|Pour ajouter des mesures de sécurité après coup.|FALSE|Pour assurer que le système soit sécurisé dès le début.|TRUE|Pour éviter d'utiliser des systèmes de sécurité externes.|FALSE|||
199|ByDesign|"Que signifie ""évolutivité verticale"" dans un système ?"|Ajouter plus de serveurs pour gérer plus de travail.|FALSE|Améliorer la capacité d’un serveur unique (par ex. augmenter la RAM).|TRUE|Réduire la puissance du système pour économiser de l’énergie.|FALSE|||
200|ByDesign|Pourquoi la modularité est-elle importante en architecture de système ?|Pour créer un système rigide et monolithique.|FALSE|Pour diviser le système en modules indépendants, facilitant les mises à jour et la maintenance.|TRUE|Pour réduire le nombre de parties dans le système.|FALSE|||
201|ByDesign|Quel est le rôle d'une passerelle API (API Gateway) dans une architecture de microservices ?|Servir de point d’accès unique aux différents services du système.|TRUE|Bloquer la communication entre les services.|FALSE|Ignorer les demandes des utilisateurs pour les rediriger ailleurs.|FALSE|||
202|ByDesign|Quel est l’un des principaux avantages de la démarche DIMA ?|Permettre des intégrations sans documentation.|FALSE|Harmoniser les composants et favoriser la cohérence du système.|TRUE|Isoler chaque composant sans communication entre eux.|FALSE|||
203|ByDesign|Pourquoi la gestion GTI est-elle cruciale dans un environnement d'entreprise ?|Pour améliorer la productivité en maximisant l'efficacité de l'infrastructure informatique.|TRUE|Pour ralentir les processus afin de réduire les coûts.|FALSE|Pour ne gérer que les tâches non critiques.|FALSE|||
204|ByDesign|Quel est le rôle principal de la GTR dans un système embarqué ?|Exécuter les tâches sans tenir compte des contraintes de temps.|FALSE|Garantir que les réponses du système sont fournies dans un temps prédéfini, critique pour la sécurité et la performance.|TRUE|Augmenter la vitesse de traitement au détriment de la fiabilité.|FALSE|||
205|ByDesign|Que signifie l'approche DIMA en termes de documentation ?|Ignorer la documentation pour aller plus vite.|FALSE|Documenter les choix architecturaux pour une meilleure compréhension et maintenance du système.|TRUE|Créer uniquement des schémas sans explications écrites.|FALSE|||
206|ByDesign|Quelle est l'une des principales préoccupations de la GTI ?|Réduire la consommation électrique des serveurs.|FALSE|Planifier, superviser et optimiser l'utilisation des ressources informatiques et le temps de traitement.|TRUE|Se concentrer uniquement sur la gestion des utilisateurs.|FALSE|||
207|ByDesign|"Pourquoi la DIMA (Durée Maximale d'Interruption Admissible)
est-elle importante pour un système informatique ?"|"Elle permet de mesurer combien de temps un système 
peut être interrompu sans impact majeur."|TRUE|Elle fixe un temps minimal de fonctionnement.|FALSE|Elle n'a pas d'importance pour les systèmes critiques.|FALSE|||
208|ByDesign|"Quel est le principal objectif de l'architecture ""Microservices"" ?"|Regrouper tous les services dans un seul système.|FALSE|"Diviser les applications en services indépendants pour 
améliorer la flexibilité et l'évolutivité."|TRUE|Utiliser un seul serveur pour tous les services.|FALSE|||
209|ByDesign|"Que signifie ""Scalability"" (évolutivité) dans le contexte
de l'architecture ?"|La capacité à améliorer la sécurité du système.|FALSE|La capacité à réduire la complexité du code.|FALSE|"La capacité du système à gérer une augmentation 
de la charge de travail."|TRUE|||
210|ByDesign|"Quel est le but du ""Load Balancing"" (équilibrage de charge) ?"|"Répartir la charge de travail entre plusieurs serveurs 
pour optimiser les performances."|TRUE|Rediriger tout le trafic vers un seul serveur.|FALSE|"Augmenter la complexité du système en ajoutant 
plus de serveurs."|FALSE|||
211|ByDesign|"Que signifie ""Security by Design"" dans une architecture ?"|"Ajouter des fonctionnalités de sécurité à la fin 
du développement."|FALSE|Intégrer la sécurité dès la conception initiale du système.|TRUE|"Utiliser des mots de passe simples pour une meilleure 
accessibilité."|FALSE|||
212|ByDesign|"Que désigne le terme ""Scalability Verticale"" ?"|Augmenter la capacité d'un serveur unique (CPU, RAM).|TRUE|Ajouter plus de serveurs pour répartir la charge.|FALSE|"Réduire le nombre de serveurs pour économiser 
des coûts."|FALSE|||
213|ByDesign|"Quel est le rôle de ""API Gateway"" dans une architecture
microservices ?"|Bloquer les accès externes aux microservices.|TRUE|"Fournir une interface unique pour accéder à différents 
services."|FALSE|Éliminer la communication entre les services.|FALSE|||
214|ByDesign|Que signifie DICP ?|Décision, Intelligence, Confiance, Patience|FALSE|Détection, Identification, Connexion, Partage|FALSE|Disponibilité, Intégrité, Confidentialité, Preuve|TRUE|||
215|ByDesign|Pourquoi la DIMA (Durée Maximale d'Interruption Admissible) est-elle importante pour un système informatique ?|Elle permet de mesurer combien de temps un système peut être interrompu sans impact majeur.|TRUE|Elle fixe un temps minimal de fonctionnement.|FALSE|Elle n’a pas d’importance pour les systèmes critiques.|FALSE|||
216|ByDesign|Que veut désigne le terme Platform as a Service (PaaS)|Une Platform de flux de données|FALSE|Une combinaison pré-packagée de matériel et d’outils logiciels de cloud computing qui vous permet de développer et de déployer en toute simplicité des applications.|TRUE|Une combinaison de matériel et d’outils d'infrastructure|FALSE|||
217|Gouvernance|Que signifie la comitologie ?|Un comité opérationnel|FALSE|un comité fonctionnel|FALSE|Cela désigne la procédure décrivant les différentes instances de réunion prévues dans le cadre du projet ou d'un contrat.|TRUE|||
218|Gouvernance|Qu'est ce qu'un comité de suivi des activités de maintenance (CORUN)?|Suivre les actions d’exploitation et de maintenance, traiter les difficultés opérationnelles rencontrées|TRUE|suivi des incident|FALSE|une cellule de crise|FALSE|||
219|Gouvernance|Qu'est ce qu'un comité stratégique (COSTRAT)?|Une cellule de crise|FALSE|une instance fonctionnelle|FALSE|Définir la stratégie de l’entreprise ou du client, S’assurer que les projets sont en accord avec la stratégie|TRUE|||
220|Gouvernance|Qu'est ce qu'un Le comité de pilotage (COPIL)?|Un comité incident|FALSE|Suivre l’avancement du projet ou du contrat, suivi opérationnel, financier et technique |TRUE|comité RH|FALSE|||
221|Gouvernance|Doit-on rédiger un compte-rendu ou RIDA à chaque instance de réunion ?|oui |TRUE|non|FALSE|||||
222|Gouvernance|Qu'est ce qu'un Comité consultatif sur les changements (CAB)?|C'est un ensemble de personnes ayant pour mission d'évaluer les changements apportés à l'environnement informatique, et de valider ou pas celui-ci.|TRUE|un point ou l'on statut sur les problèmes|FALSE|un point ou l'on statut sur les incident|FALSE|||
223|Gouvernance|Que signifie le terme RACI ?|Référé, Autorité, Construire, Informé||Réalisateur, Autorité, Consulté, Informé|TRUE|Réalisateur, Arbitré, consulté, Installé|FALSE|||
224|Gouvernance|A quoi sert une RACI ?|Elle permet, en amont, de préciser le rôle de chacun et l’étendue de sa mission|TRUE|Elle définie un fonctionnement budgétaire|FALSE|Un réunion d'équipe|FALSE|||
225|Gouvernance|Que signifie PAQ ?|Plan d’Assurance Qualité|TRUE|Plan Autorité Qualité|FALSE|Plan Autorisé Quantité|FALSE|||
226|Gouvernance|Qu’est-ce qu'un PAQ ?|Plan d'execution et d'assurance|FALSE|C'est un document évolutif qui définit précisément ce qu’un prestataire doit faire et dans quel contexte|TRUE|Document qui défini les licences logiciel|FALSE|||
227|Gouvernance|Le PAQ est il un document important ?|Oui |TRUE|Non|FALSE|||||
228|Gouvernance|Que signifie PAS ?|Plan Assurance Sécurité|TRUE|Plan Autorité Sécurité|FALSE|Plan Assurance Suivi|FALSE|||
229|Gouvernance|Qu’est-ce qu'un PAS ?|Un document de synthèse sur les incident Cyber|FALSE|Cela précise dequel manière les prestataires se conforment aux exigences de cybersécurité définies par le maître d’ouvrage pour ce qui concerne leur organisation et leur système d’information (SI).|TRUE|Un Plan d'Assurance Sécurité|FALSE|||
230|Gouvernance|Que signifie KPI ?|Key Performance Indicator|TRUE|Key Process Indicator|FALSE|Indicateur Clé de Performance|TRUE|||
231|Gouvernance|Qu’est-ce qu'un KPI?|Des données servant à apprécier l’efficacité du travail accompli, dans l’optique d’atteindre un objectif précis.|TRUE|Des indicateur de processus|FALSE|Un composant d'infrastructure|FALSE|||
232|Gouvernance|Que signifie SLA ?|Service Level Agrement|TRUE|Sector Level Agrement|FALSE|Service Legal Autority|FALSE|||
233|Gouvernance|Qu'est-ce qu'un SLA (Service Level Agreement) ?|Un document qui décrit comment installer un système.|FALSE|"Un accord qui définit les niveaux de service 
attendus entre un fournisseur et un client."|TRUE|"Une méthode pour résoudre les problèmes 
techniques rapidement."|FALSE|||
234|Gouvernance|Pourquoi est-il crucial de respecter les SLA|Pour maintenir la satisfaction et la confiance du client : Le respect des SLA garantit que les engagements pris sont tenus, ce qui maintient la satisfaction et la confiance du client|TRUE|Pour éviter les pénalités financières|FALSE|Pour impressionner les concurrents.|FALSE|||
235|Gouvernance|Quel est l'objectif principal d'un SLA ?|Définir les niveaux de service globaux, y compris disponibilité, performance, et support.|TRUE|Identifier les incidents les plus fréquents dans un système.|FALSE|Former les utilisateurs sur les nouvelles technologies.|FALSE|||
236|Gouvernance|Que signifie PCA ?|Plan Correctif d'Activité|FALSE|Plan Continuité d'Activité|TRUE|Plan de Collecte d'Activité|FALSE|||
237|Gouvernance|Qu’est-ce qu'un PCA?|Un Plan Climatique Avancé|FALSE|Un plan de reprise d'activité|FALSE|Des mesures préventives ainsi que des procédures d’urgence visant à préserver la continuité d’activité.|TRUE|||
238|Gouvernance|Que signifie PRA ?|Process Reporting Autority|FALSE|Plan de Reprise d’Activité|TRUE|Plan de restitution Active|FALSE|||
239|Gouvernance|Qu’est-ce qu'un PRA ?|Un plan détaillé qui permet de rétablir les systèmes ou infrastructures après un sinistre.|TRUE|Un plan de production de l'ordonnanceur|FALSE|Un module dans l'active-directory|FALSE|||
240|Gouvernance|Quelle est la principale différence entre un SLA et une GTR ?|Le SLA couvre l'ensemble des niveaux de service, tandis que la GTR se concentre uniquement sur le temps de résolution des incidents.|TRUE|La GTR définit tous les niveaux de service, tandis que le SLA se concentre uniquement sur les délais de réponse.|FALSE|Il n’y a aucune différence, ce sont des termes interchangeables.|FALSE|||
241|Gouvernance|Pourquoi un SLA est-il important chez CA-GIP ?|Pour définir et garantir les attentes globales de service envers le Client.|TRUE|Pour réduire les coûts de maintenance des équipements.|FALSE|Pour éliminer tous les incidents possibles.|FALSE|||
242|Gouvernance|Dans quel document trouve-t-on généralement une GTR ?|Dans un manuel utilisateur.|FALSE|Dans la convention de services.|TRUE|Dans un contrat de vente de matériel.|FALSE|||
243|Gouvernance|Peut-on avoir un SLA sans GTR ?|Non, ils doivent toujours être ensemble.|FALSE|Oui, un SLA peut exister sans inclure de GTR, mais il serait moins précis sur les temps de résolution.|TRUE|Cela dépend uniquement du type de service proposé.|FALSE|||
244|Gouvernance|Dans quel contexte utilise-t-on la GTR ?|Dans les contrats de maintenance pour assurer une intervention rapide en cas de panne.|TRUE|Pour les activités où le temps de résolution n’est pas critique.|FALSE|Uniquement pour les systèmes sans contrat de service.|FALSE|||
245|Gouvernance|Quel est le principal avantage d'avoir une GTR dans un contrat de service ?|Assurer la satisfaction des utilisateurs en garantissant une restituion du service dans les  délais convenu.|TRUE|Augmenter les coûts de maintenance.|FALSE|Éviter les réparations rapides.|FALSE|||
246|Gouvernance|Que garantit la GTR (Garantie de Temps de Résolution) dans un contrat de maintenance informatique ?|Que les réparations sont effectuées de manière informelle.|FALSE|Que les problèmes sont résolus dans le temps convenu pour minimiser l'impact sur les opérations.|TRUE|Que les délais ne sont pas respectés.|FALSE|||
247|Gouvernance|Que se passe-t-il si une GTR n’est pas respectée dans un contrat de service ?|Cela n'a pas de conséquences.|FALSE|Il peut y avoir des pénalités financières et une perte de confiance de la part des clients.|TRUE|Le service continue comme prévu.|FALSE|||
248|Gouvernance|Pourquoi inclure une GTR dans un SLA ?|Pour spécifier précisément le délai dans lequel les incidents doivent être résolus, assurant ainsi une meilleure gestion des pannes.|TRUE|Pour augmenter les coûts du contrat.|FALSE|Pour ne jamais avoir à résoudre les incidents rapidement.|FALSE|||
