Theme,IdTheme,Question,QuestionNumberAwnser
"ProdFirst",1,"Que fait on lors d'un incident majeur ?",1
"ProdFirst",1,"Quel est l'Objectif principal lors de la gestion d'un incident?",2
"ProdFirst",1,"Dans le cadre de la gestion d'un incident, quels sont les cas dans lesquelles une escalade managériale est nécessaire?",3
"ProdFirst",1,"Un post-Mortem est un document qui explique les causes/origines d'un incident majeur",4
"ProdFirst",1,"Un post-mortem doit être diffusé à J+7 de la fin de l'incident",5
"ProdFirst",1,"Un incident majeur se définit comme",6
"ProdFirst",1,"En cas d'incident P1, les communications doivent être envoyées :",7
"ProdFirst",1,"Qu'est ce qu'un incident (ITIL) ?",8
"ProdFirst",1,"Qu'est ce que ITIL ?",9
"ProdFirst",1,"Que signifie ITIL ?",10
"ProdFirst",1,"Que signifie le terme CCO ?",11
"ProdFirst",1,"Que signifie le terme CCD ?",12
"ProdFirst",1,"Que signifie le terme CCC ?",13
"ProdFirst",1,"Quel est le rôle d'un incident manager ?",14
"ProdFirst",1,"Qu'est ce qu'un post-mortem ou REX ?",15
"ProdFirst",1,"Qu'est ce qu'une communication incident ?",16
"ProdFirst",1,"Que doit contenir un communication incident P1/P2",17
"ProdFirst",1,"Quel est le but d'un ticket incident ?",18
"ProdFirst",1,"Qu'est-ce qu'une GTR (Garantie de Temps de Résolution) ?",19
"ProdFirst",1,"Quel est l'objectif principal d'une GTR ?",20
"ProdFirst",1,"Quel est le principal objectif de la GTR (Garantie de Temps de Résolution) ?",21
"ProdFirst",1,"Pourquoi est-il crucial de respecter la DIMA chez CA-GIP ?",22
"ProdFirst",1,"Quelle situation montre l'importance de la DIMA (Durée Maximale d'Interruption Admissible) ?",23
"ProdFirst",1,"Pourquoi est-il important de définir une DIMA pour un système critique ?",24
"ProdFirst",1,"Pourquoi la DIMA est-elle particulièrement critique dans les secteurs comme la finance ou la santé ?",25
"ProdFirst",1,"Quel est le rôle d'un problème manager ?",26
"ProdFirst",1,"Qu'est ce qu'un problème (ITIL) ?",27
"ProdFirst",1,"Doit on ouvrir un problème pour tous les incidents majeurs.",28
"ProdFirst",1,"Quels sont les objectifs d'un problème ?",29
"ProdFirst",1,"Un problème peut être :",30
"ProdFirst",1,"Des incidents de priorité P1,P2,P3 ou P4 peuvent donner lieu à un problème",31
"ProdFirst",1,"Uniquement les incidents de priorité P1 et P2 peuvent donner lieu à un problème",32
"ProdFirst",1,"Qu'est ce qu'un changement (ITIL) ?",33
"ProdFirst",1,"Quel est l’un des principaux avantages d'un changement ?",34
"ProdFirst",1,"Quel est le rôle principal d'un changement ?",35
"ProdFirst",1,"Dans quelle instance valide t'on un changement ?",36
"ProdFirst",1,"Que trouve t'on comme livrables dans un changement ?",37
"ProdFirst",1,"Que trouve t'on dans un changement ?",38
"ProdFirst",1,"Qui valide un changement ?",39
"ProdFirst",1,"En cas de modification sur la production (hors incident) que dois je faire ?",40
"ProdFirst",1,"Une requête permet de traiter un incident.",41
"ProdFirst",1,"Il existe des requêtes au catalogue soumises à approbation.",42
"ProdFirst",1,"Une requête est :",43
"ProdFirst",1,"Un changement normal significatif, majeur peut être exécuté le jour même de sa création",44
"ProdFirst",1,"Quels sont les pré-requis pour que mon changement normal dans METIS soit conforme pour être approuvé",45
"ProdFirst",1,"Lors de l'exécution d'un changement, je suis la feuille de route prévue mais une problématique intervient. Que dois-je faire ?",46
"ProdFirst",1,"Un changement a été exécuté correctement et le ticket est fermé dans METIS. Un incident majeur survient suite à ce changement et un rollback est effectué par la suite. Que faire du ticket changement dans METIS ?",47
"ProdFirst",1,"J'ai un incident en production et je dois effectuer une modification de l'infrastructure pour rétablir le service. Je dois :",48
"ProdFirst",1,"En cas d'incident majeur suite à un changement, la PIR complémentaire est obligatoire ?",49
"ProdFirst",1,"En cellule de crise, l'exécution d'un changement est validée pour résoudre un incident. Je dois :",50
"ProdFirst",1,"La CMDB est un emplacement centralisé et commun pour stocker les éléments de configuration (CI) et les informations asscociées",51
"ProdFirst",1,"Un élément de configuration est tout composant géré dans une infrastructure informatique . Cela peut inclure:",52
"ProdFirst",1,"La CMDB aide à évaluer les risques associés à un changement en fournissant une compréhension claire des dépendances entre les CIs",53
"ProdFirst",1,"La mise à jour de la CMDB est nécessaire:",54
"ProdFirst",1,"Que signifie l’acronyme CMDB ?",55
"ProdFirst",1,"Dans quel processus (ITIL) la CMDB est-elle géré et détaillée ?",56
"ProdFirst",1,"Quelle est la valeur attendue de la gestion d’une CMDB ?",57
"ProdFirst",1,"Que gère-t-on dans une CMDB",58
"ProdFirst",1,"Le ou lesquelles sont des outils/produits permettant la gestion d’une CMDB",59
"ProdFirst",1,"Une requête est toujours traitée par un changement standard.",60
"ProdFirst",1,"Pour faire évolution une offre dans le catalogue, je contacte :",61
"ProdFirst",1,"Le groupe de support d'une requête au catalogue est",62
"ProdFirst",1,"Pour traiter une requête qui entraine la création, la modification ou la suppression d'un élément de configuration de l'infrastructure",63
"ProdFirst",1,"J'ai besoin d'assisance sur l'usage de METIS, j'ouvre un incident",64
"ProdFirst",1,"Qu’est-ce que la gestion des services informatiques (ITSM) ?",65
"ProdFirst",1,"Quel est l’importance de bien comprendre les consignes ?",66
"ProdFirst",1,"Quel est l'une des principales cause d'erreur humaine?",67
"ProdFirst",1,"Quel est l'un des cas les plus fréquent d'erreur humaine ?",68
"Risk&Security",1,"Les activités principales des Risques IT sont structurées en 3 blocs organisationnels interdépendants :",69
"Risk&Security",1,"L'activité Risque IT CA-GIP intervient en première ligne, en collaboration étroite avec le Centre Opérationnel de Cyberdéfense CA-GIP",70
"Risk&Security",1,"La vision globale des risques CA-GIP est portée par :",71
"Risk&Security",1,"Les missions de l'équipe Cyber Sécu de CA-GIP sont : (plusieurs réponses possibles)",72
"Risk&Security",1,"Que signifie VCE ?",73
"Risk&Security",1,"Le traiement des VCE est prioritaire par rapport aux évolutions métier de mon périmètre",74
"Risk&Security",1,"TENABLE est un outil pour réaliser les tests de vulnérabilité des serveurs",75
"Risk&Security",1,"Que faire si je reçois un SMS de provenance inconnue ? (plusieurs réponses possibles)",76
"Risk&Security",1,"Que faire si je reçois un mail de provenance inconnue ? (plusieurs réponses possibles)",77
"Risk&Security",1,"Quels sont les niveaux de confidentialité des données ? (plusieurs réponses possibles)",78
"Risk&Security",1,"Comment procéder si j'ai besoin d'installer un logiciel ?",79
"Risk&Security",1,"Quelle est la procédure à suivre pour assurer la prise de connaissancede la documentation cybersécurité par les nouveaux arrivants (Interne & Externe) ?",80
"Risk&Security",1,"Lors de la gestion d'un projet, quelles mesures de sécurité doivent être prises en compte ?",81
"Risk&Security",1,"Comment communiquer efficacement sur l'organisation de la sécurité chez CA-GIP ?",82
"Risk&Security",1,"Quels sont les éléments essentiels pour gérer efficacement les besoins en matière de cybersécurité ?",83
"Risk&Security",1,"Comment promouvoir efficacement la sensibilisation à lacybersécurité auprès des collaborateurs",84
"Risk&Security",1,"Quelles sont les responsabilités du chargé du suivi des recommandations d'audit CA-GIP ?",85
"Risk&Security",1,"Quel document n'est pas inclus dans le Welcome Pack destiné aux prestataires ?",86
"Risk&Security",1,"Pourquoi est-il important d'intégrer la sécurité dès le début d'un projet ?",87
"Risk&Security",1,"Quels s peuvent être utilisés pour promouvoir les acteurs clés de la sécurité chez CA-GIP ?",88
"Risk&Security",1,"Lors de la planification du budget pour la cybersécurité, quelle pratique est recommandée ?",89
"Risk&Security",1,"Pourquoi est-il essentiel que les collaborateurs suivent régulièrement des formations en cybersécurité ?",90
"Risk&Security",1,"Comment intégrer la cybersécurité dans les objectifs individuels des collaborateurs ?",91
"Risk&Security",1,"Quel rôle joue le chargé du suivi des recommandations d’audit dans le cadre des missions d’audit ?",92
"Risk&Security",1,"Quel est un  efficace de répondre aux questions des collaborateurs sur la cybersécurité ?",93
"Risk&Security",1,"Quelle est l'importance d'intégrer la cybersécurité dans les objectifs individuels des collaborateurs",94
"Risk&Security",1,"Quelle est la meilleure approche pour s'assurer que les politiques de sécurité sont bien comprises par tous les collaborateurs",95
"Risk&Security",1,"Qui faut-il prévenir si l'on pense avoir cliqué sur un lien frauduleux?",96
"Risk&Security",1,"Après avoir cliqué sur un mail de phishing, il n'est pas utile de prévenir l'équipe de sécurité",97
"Risk&Security",1,"Quels indices permettent d'identifier un mail de phishing?",98
"Risk&Security",1,"Qu'est ce que le phishing",99
"Risk&Security",1,"Qu'est ce qu'une attaques par déni de service et DDoS",100
"Risk&Security",1,"Qu'est ce qu'ne attaque de type Man-in-the-middle ou l’homme du milieu (MITM)",101
"Risk&Security",1,"Qu'est ce qu'un Ransomware",102
"Risk&Security",1,"Qu'est ce qu'un Malware",103
"Risk&Security",1,"Qu'est ce qu'un Trojans ou chevaux de Troie",104
"Risk&Security",1,"Qu'est-ce qu'un événement de sécurité dans un système d'information ?",105
"Risk&Security",1,"Quelle définition correspond à un incident de sécurité de l'information ?",106
"Risk&Security",1,"Quels sont les critères DICP affectés par un incident de sécurité ?",107
"Risk&Security",1,"Si vous recevez une alerte de sécurité émise par le SOC, quelle est la première action à entreprendre ?",108
"Risk&Security",1,"Que devez-vous faire si vous constatez la perte d’une clé USB contenant des données personnelles sensibles ?",109
"Risk&Security",1,"Si vous recevez un email suspect qui pourrait être du phishing, quelle est la bonne action à effectuer ?",110
"Risk&Security",1,"Si vous découvrez que des données à caractère personnel ont été accidentellement divulguées, quelle est votre première étape ?",111
"Risk&Security",1,"Quelle est une bonne pratique pour prévenir les incidents de sécurité dans votre travail quotidien ?",112
"Risk&Security",1,"Lorsque le SOC émet une alerte qui concerne directement votre périmètre, que devez-vous faire ?",113
"Risk&Security",1,"Lorsqu’un incident de sécurité est confirmé, quelle est la première priorité opérationnelle ?",114
"Risk&Security",1,"Qu'est ce que PCI DSS?",115
"Risk&Security",1,"Qu'est ce qu'un PSI?",116
"Client",1,"Pourquoi est-il important de comprendre les besoins spécifiques du client dans l'environnement CAGIP",117
"Client",1,"Comment chez CAGIP peut-on identifier les objectifs à court,  et long terme d'un client",118
"Client",1,"Quelles méthodes chez CAGIP peuvent être utilisées pour analyser les processus métiers d'un client ?",119
"Client",1,"Quels avantages CAGIP offre comme solution personnalisée par rapport à une solution standard ?",120
"Client",1,"Quelle est l'importance pour CAGIP de maintenir une communication ouverte avec le client",121
"Client",1,"Quels types de rapports devraient être fournis régulièrement au client",122
"Client",1,"Comment CAGIP gére efficacement les attentes des clients ?",123
"Client",1,"Que faire en cas de problème ou d'incident majeur ?",124
"Client",1,"Qu'est-ce qu'un SLA",125
"Client",1,"Pourquoi est-il crucial de respecter les SLA",126
"Client",1,"Quels sont les éléments clés à inclure dans un SLA ?",127
"Client",1,"Comment CAGIP mesure l'atteinte des niveaux de service définis dans le SLA ?",128
"Client",1,"Qu'entend-on par proactivité dans un service d'infogérance au sein de CAGIP ?",129
"Client",1,"Pourquoi l'innovation chez CAGIP est-elle importante en infogérance ?",130
"Client",1,"Comment CAGIP anticipe les besoins futurs d'un client ?",131
"Client",1,"Quels types d'innovations peuvent être proposés en infogérance ?",132
"Client",1,"Quelles mesures peuvent être prises par CAGIP pour garantir la confidentialité des données du client",133
"Client",1,"Quels sont les avantages pour CAGIP de se conformer aux normes de sécurité comme ISO 27001",134
"Client",1,"Comment CAGIP assure la sécurité des systèmes gérés ?",135
"Client",1,"Quels sont les risques pour CAGIP de ne pas garantir la confidentialité des données ?",136
"Client",1,"Comment une entreprise d'infogérance peut-elle démontrer sa flexibilité ?",137
"Client",1,"Pourquoi l'adaptabilité chez CAGIP est-elle cruciale dans le domaine de l'infogérance ?",138
"Client",1,"Comment CAGIP propose des solutions modulaires à un client ?",139
"Client",1,"Pourquoi est-il important pour CAGIP d'offrir des solutions évolutives ?",140
"Client",1,"Quel type de support technique CAGIP devrait offrir aux clients ?",141
"Client",1,"Quel est le rôle du support technique de CAGIP dans la satisfaction client ?",142
"Client",1,"Comment garantir que le personnel du client est bien formé ?",143
"Client",1,"Quel est l'objectif principal de la gestion des incidents ?",144
"Client",1,"Pourquoi est-il important d'analyser les incidents pour éviter leur récurrence chez CAGIP?",145
"Client",1,"Quel est le processus typique de gestion d'un incident ?",146
"Client",1,"Comment une gestion proactive des problèmes peut-elle améliorer les services ?",147
"Client",1,"Que se passe-t-il si la GTR n'est pas respectée ?",148
"Client",1,"Comment CAGIP peut construire une relation de confiance avec un client ?",149
"Client",1,"Pourquoi la disponibilité de CAGIP est-elle importante dans une relation client ?",150
"Client",1,"Comment CAGIP démontre l'intégrité dans une relation d'infogérance ?",151
"Client",1,"Quel est l'impact d'un bon service client sur la relation d'infogérance ?",152
"Client",1,"Quels indicateurs de performance peuvent être utilisés pour évaluer les services rendus ?",153
"Client",1,"Pourquoi est-il important pour CAGIP de solliciter les retours des clients ?",154
"Client",1,"Pourquoi réaliser des audits réguliers des services fournis ?",155
"Client",1,"Comment utiliser les feedbacks clients pour améliorer les services ?",156
"Client",1,"Le Cluster CLP:",157
"Client",1,"Le Cluster SFS:",158
"Client",1,"Le cluster BPC:",159
"Client",1,"Le cluster BPCR:",160
"Client",1,"Le cluster GEA",161
"Client",1,"Le Cluster CIB",162
"Client",1,"Le cluster CXi:",163
"OneTeam",1,"Que signifie pour vous l'approche ""OneTeam"" ? ",164
"OneTeam",1,"Quels sont les avantages d'une approche ""OneTeam"" dans la gestion de la production ? ",165
"OneTeam",1,"Est-ce que l'approche ""OneTeam"" facilite la gestion des incidents en production ? ",166
"OneTeam",1,"Comment assurer une meilleure communication dans une approche ""OneTeam"" ?",167
"OneTeam",1,"Comment l'approche ""OneTeam"" impacte l'intégration continue (CI) et le déploiement continu (CD) ?",168
"OneTeam",1,"Comment gérer la connaissance dans une équipe ""OneTeam"" pour centraliser la documentation ?",169
"OneTeam",1,"Quelle posture adopter dans une équipe ""OneTeam"" ?",170
"OneTeam",1,"Comment l'approche ""OneTeam"" influence la culture d'entreprise ?",171
"ByDesign",1,"Qu'est-ce que le principe ""Separation of Concerns"" (Séparation des préoccupations) ?",172
"ByDesign",1,"Quel est le but de l'architecture ""Layered"" (couches) ?",173
"ByDesign",1,"Que signifie ""Loose Coupling"" (faible couplage) dans une architecture ?",174
"ByDesign",1,"Qu'est-ce que le principe ""High Cohesion"" (forte cohésion) ?",175
"ByDesign",1,"Quel est le principal objectif de l'architecture ""Microservices"" ?",176
"ByDesign",1,"Que signifie ""Scalability"" (évolutivité) dans le contexte de l'architecture ?",177
"ByDesign",1,"Le principe ""Single Responsibility Principle"" (SRP) concerne :",178
"ByDesign",1,"Que signifie ""Fault Tolerance"" (tolérance aux pannes) dans une architecture ?",179
"ByDesign",1,"Quel est le but du ""Load Balancing"" (équilibrage de charge) ?",180
"ByDesign",1,"Que signifie le principe ""Don't Repeat Yourself"" (DRY) ?",181
"ByDesign",1,"Quel est le but de l'architecture ""Event-Driven"" (basée sur les événements) ?",182
"ByDesign",1,"Que signifie ""Security by Design"" dans une architecture ?",183
"ByDesign",1,"Que désigne le terme ""Scalability Verticale"" ?",184
"ByDesign",1,"Quelle est l'importance du principe ""Modularity"" (modularité) en architecture ?",185
"ByDesign",1,"Quel est le rôle de ""API Gateway"" dans une architecture microservices ?",186
"ByDesign",1,"Quel est le but principal de la séparation des responsabilités dans une architecture ?",187
"ByDesign",1,"Pourquoi les systèmes informatiques sont-ils souvent divisés en plusieurs couches ?",188
"ByDesign",1,"Que signifie ""faible couplage"" entre les parties d'un système ?",189
"ByDesign",1,"Pourquoi est-il important d’avoir une ""forte cohésion"" dans une partie d’un système ?",190
"ByDesign",1,"Quel est l'avantage de diviser une application en petits services indépendants (microservices) ?",191
"ByDesign",1,"Que signifie ""évolutivité"" pour un système informatique ?",192
"ByDesign",1,"Que signifie ""responsabilité unique"" pour une partie du système ?",193
"ByDesign",1,"Pourquoi la tolérance aux pannes est-elle importante dans un système ?",194
"ByDesign",1,"Quel est le rôle de l’équilibrage de charge dans un système ?",195
"ByDesign",1,"Que signifie ""Ne te répète pas"" (Don't Repeat Yourself) en conception de système ?",196
"ByDesign",1,"Quel est l'avantage d'un système basé sur des événements (Event-Driven) ?",197
"ByDesign",1,"Pourquoi la sécurité doit-elle être intégrée dès la conception d'un système (""Security by Design"") ?",198
"ByDesign",1,"Que signifie ""évolutivité verticale"" dans un système ?",199
"ByDesign",1,"Pourquoi la modularité est-elle importante en architecture de système ?",200
"ByDesign",1,"Quel est le rôle d'une passerelle API (API Gateway) dans une architecture de microservices ?",201
"ByDesign",1,"Quel est l’un des principaux avantages de la démarche DIMA ?",202
"ByDesign",1,"Pourquoi la gestion GTI est-elle cruciale dans un environnement d'entreprise ?",203
"ByDesign",1,"Quel est le rôle principal de la GTR dans un système embarqué ?",204
"ByDesign",1,"Que signifie l'approche DIMA en termes de documentation ?",205
"ByDesign",1,"Quelle est l'une des principales préoccupations de la GTI ?",206
"ByDesign",1,"Pourquoi la DIMA (Durée Maximale d'Interruption Admissible)est-elle importante pour un système informatique ?",207
"ByDesign",1,"Quel est le principal objectif de l'architecture ""Microservices"" ?",208
"ByDesign",1,"Que signifie ""Scalability"" (évolutivité) dans le contexte de l'architecture ?",209
"ByDesign",1,"Quel est le but du ""Load Balancing"" (équilibrage de charge) ?",210
"ByDesign",1,"Que signifie ""Security by Design"" dans une architecture ?",211
"ByDesign",1,"Que désigne le terme ""Scalability Verticale"" ?",212
"ByDesign",1,"Quel est le rôle de ""API Gateway"" dans une architecture microservices ?",213
"ByDesign",1,"Que signifie DICP ?",214
"ByDesign",1,"Pourquoi la DIMA (Durée Maximale d'Interruption Admissible) est-elle importante pour un système informatique ?",215
"ByDesign",1,"Que veut désigne le terme Platform as a Service(PaaS)",216
"Gouvernance",1,"Que signifie la comitologie ?",217
"Gouvernance",1,"Qu'est ce qu'un comité de suivi des activités de maintenance (CORUN)?",218
"Gouvernance",1,"Qu'est ce qu'un comité stratégique (COSTRAT)?",219
"Gouvernance",1,"Qu'est ce qu'un Le comité de pilotage (COPIL)?",220
"Gouvernance",1,"Doit-on rédiger un compte-rendu ou RIDA à chaque instance de réunion ?",221
"Gouvernance",1,"Qu'est ce qu'un Comité consultatif sur les changements (CAB)?",222
"Gouvernance",1,"Que signifie le terme RACI ?",223
"Gouvernance",1,"A quoi sert une RACI ?",224
"Gouvernance",1,"Que signifie PAQ ?",225
"Gouvernance",1,"Qu’est-ce qu'un PAQ ?",226
"Gouvernance",1,"Le PAQ est il un document important ?",227
"Gouvernance",1,"Que signifie PAS ?",228
"Gouvernance",1,"Qu’est-ce qu'un PAS ?",229
"Gouvernance",1,"Que signifie KPI ?",230
"Gouvernance",1,"Qu’est-ce qu'un KPI?",231
"Gouvernance",1,"Que signifie SLA ?",232
"Gouvernance",1,"Qu'est-ce qu'un SLA (Service Level Agreement) ?",233
"Gouvernance",1,"Pourquoi est-il crucial de respecter les SLA",234
"Gouvernance",1,"Quel est l'objectif principal d'un SLA ?",235
"Gouvernance",1,"Que signifie PCA ?",236
"Gouvernance",1,"Qu’est-ce qu'un PCA?",237
"Gouvernance",1,"Que signifie PRA ?",238
"Gouvernance",1,"Qu’est-ce qu'un PRA ?",239
"Gouvernance",1,"Quelle est la principale différence entre un SLA et une GTR ?",240
"Gouvernance",1,"Pourquoi un SLA est-il important chez CA-GIP ?",241
"Gouvernance",1,"Dans quel document trouve-t-on généralement une GTR ?",242
"Gouvernance",1,"Peut-on avoir un SLA sans GTR ?",243
"Gouvernance",1,"Dans quel contexte utilise-t-on la GTR ?",244
"Gouvernance",1,"Quel est le principal avantage d'avoir une GTR dans un contrat de service ?",245
"Gouvernance",1,"Que garantit la GTR (Garantie de Temps de Résolution) dans un contrat de maintenance informatique ?",246
"Gouvernance",1,"Que se passe-t-il si une GTR n’est pas respectée dans un contrat de service ?",247
"Gouvernance",1,"Pourquoi inclure une GTR dans un SLA ?",248
