QuestionID,Reponse,ReponseCorrect

2,"Concevoir chaque composant avec une seule responsabilité spécifique.",True
2,"Fusionner les fonctionnalités pour simplifier l'architecture.",false
2,"Utiliser le même code pour différentes applications.",false



2,"1",false

3,"Simplifier l'accès à la base de données.",false
3,"Séparer les responsabilités entre différentes couches pour améliorer la maintenance et l'évolutivité.",false
3,"Ajouter plus de composants pour compliquer l'architecture.",false
3,"2",false

4,"Les composants sont fortement dépendants les uns des autres.",false
4,"Les composants interagissent de manière minimale et indépendante.",false
4,"Les composants doivent être reliés directement par du code hardcodé.",false
4,"2",false

5,"Les composants doivent avoir plusieurs responsabilités.",false
5,"Les composants doivent être étroitement liés et spécialisés dans une seule tâche.",false
5,"Les composants doivent être redondants.",false
5,"2",false

6,"Regrouper tous les services dans un seul système.",false
6,"Diviser les applications en services indépendants pour améliorer la flexibilité et l'évolutivité.",false
6,"Utiliser un seul serveur pour tous les services.",false
6,"2",false

7,"La capacité à améliorer la sécurité du système.",false
7,"La capacité du système à gérer une augmentation de la charge de travail.",false
7,"La capacité à réduire la complexité du code.",false
7,"2",false
8,"Un composant doit avoir plusieurs responsabilités.",false
8,"Un composant doit avoir une seule raison de changer.",false

8,"Un composant doit être aussi générique que possible.",false
8,"2",false
9,"Le système peut continuer à fonctionner même en cas de défaillance de certains composants.",false
9,"Le système s'arrête immédiatement lorsqu'une erreur se produit.",false
9,"Le système doit être redémarré après chaque erreur.",false
9,"1",false

33,10,"Rediriger tout le trafic vers un seul serveur.",false
34,10,"Répartir la charge de travail entre plusieurs serveurs pour optimiser les performances.",false
35,10,"Augmenter la complexité du système en ajoutant plus de serveurs.",false
36,10,"2",false
37,11,"Répéter le même code dans différents composants pour simplifier le développement.",false
38,11,"Minimiser la redondance en partageant la logique réutilisable.",false
39,11,"Créer des composants identiques pour chaque fonctionnalité.",false
40,11,"2",false
41,12,"Exécuter les opérations en séquence sans interactions.",false
42,12,"Réagir aux événements de manière asynchrone pour améliorer la réactivité du système.",false
43,12,"Éviter l'utilisation de messages asynchrones.",false
44,12,"2",false
45,13,"Ajouter des fonctionnalités de sécurité à la fin du développement.",false
46,13,"Intégrer la sécurité dès la conception initiale du système.",false
47,13,"Utiliser des mots de passe simples pour une meilleure accessibilité.",false
48,13,"2",false
49,14,"Ajouter plus de serveurs pour répartir la charge.",false
50,14,"Augmenter la capacité d'un serveur unique (CPU",true
51,14," RAM).",false
52,14,"Réduire le nombre de serveurs pour économiser des coûts.",false
53,15,"Créer des composants monolithiques pour simplifier la gestion.",false
54,15,"Diviser le système en modules indépendants pour améliorer la maintenance et la réutilisation.",false
55,15,"Fusionner tous les composants pour réduire la complexité.",false
56,15,"2",false
57,16,"Fournir une interface unique pour accéder à différents services.",false
58,16,"Bloquer les accès externes aux microservices.",false
59,16,"Éliminer la communication entre les services.",false
60,16,"1",false
61,17,"Faciliter la compréhension et la maintenance du système.",false
62,17,"Mélanger toutes les fonctionnalités dans une seule partie.",false
63,17,"Réduire le nombre de composants dans le système.",false
64,17,"1",false
65,18,"Pour rendre le système plus complexe.",false
66,18,"Pour que chaque couche ait un rôle spécifique",true
67,18," comme gérer l'affichage ou les données.",false
68,18,"Pour économiser de l'espace mémoire.",false
69,19,"Les parties du système sont très dépendantes les unes des autres.",false
70,19,"Les parties du système sont indépendantes et peuvent fonctionner séparément.",false
71,19,"Les parties du système ne peuvent pas fonctionner sans connexion permanente.",false
72,19,"2",false
73,20,"Pour que chaque partie soit spécialisée dans une tâche précise et soit efficace.",false
74,20,"Pour que chaque partie puisse faire plusieurs tâches à la fois.",false
75,20,"Pour minimiser le nombre de parties dans le système.",false
76,20,"1",false
77,21,"Pour rendre l'application plus difficile à gérer.",false
78,21,"Pour faciliter les mises à jour et améliorer la flexibilité.",false
79,21,"Pour regrouper tous les services en un seul bloc.",false
80,21,"2",false
81,22,"La capacité du système à rester stable avec un seul utilisateur.",false
82,22,"La capacité du système à gérer une augmentation du nombre d’utilisateurs ou de données.",false
83,22,"Réduire les fonctionnalités du système au minimum.",false
84,22,"2",false
85,23,"Chaque partie doit faire plusieurs tâches différentes.",false
86,23,"Chaque partie ne doit avoir qu'une seule raison de changer.",false
87,23,"Chaque partie doit être capable de remplacer les autres.",false
88,23,"2",false
89,24,"Pour que le système fonctionne même si une partie échoue.",false
90,24,"Pour réduire les coûts en arrêtant le système en cas de panne.",false
91,24,"Pour que le système redémarre automatiquement après chaque erreur.",false
92,24,"1",false
93,25,"Répartir le travail entre plusieurs serveurs pour éviter la surcharge.",false
94,25,"Forcer tout le travail à être fait par un seul serveur.",false
95,25,"Bloquer l’accès à certains utilisateurs pour réduire la charge.",false
96,25,"1",false
97,26,"Éviter de réutiliser du code et le recréer à chaque fois.",false
98,26,"Réduire la redondance en partageant des morceaux de code réutilisables.",false
99,26,"Répéter les mêmes lignes de code pour faciliter la lecture.",false
100,26,"2",false
101,27,"Faire fonctionner les actions en ordre sans interruption.",false
102,27,"Réagir aux événements rapidement et de manière flexible.",false
103,27,"Empêcher les utilisateurs d’interagir avec le système en temps réel.",false
104,27,"2",false
105,28,"Pour ajouter des mesures de sécurité après coup.",false
106,28,"Pour assurer que le système soit sécurisé dès le début.",false
107,28,"Pour éviter d'utiliser des systèmes de sécurité externes.",false
108,28,"2",false
109,29,"Ajouter plus de serveurs pour gérer plus de travail.",false
110,29,"Améliorer la capacité d’un serveur unique (par ex. augmenter la RAM).",false
111,29,"Réduire la puissance du système pour économiser de l’énergie.",false
112,29,"2",false
113,30,"Pour créer un système rigide et monolithique.",false
114,30,"Pour diviser le système en modules indépendants",true
115,30," facilitant les mises à jour et la maintenance.",false
116,30,"Pour réduire le nombre de parties dans le système.",false
117,31,"Servir de point d’accès unique aux différents services du système.",false
118,31,"Bloquer la communication entre les services.",false
119,31,"Ignorer les demandes des utilisateurs pour les rediriger ailleurs.",false
120,31,"1",false
121,32,"Permettre des intégrations sans documentation.",false
122,32,"Harmoniser les composants et favoriser la cohérence du système.",false
123,32,"Isoler chaque composant sans communication entre eux.",false
124,32,"2",false
125,33,"Pour améliorer la productivité en maximisant l'efficacité de l'infrastructure informatique.",false
126,33,"Pour ralentir les processus afin de réduire les coûts.",false
127,33,"Pour ne gérer que les tâches non critiques.",false
128,33,"1",false
129,34,"Exécuter les tâches sans tenir compte des contraintes de temps.",false
130,34,"Garantir que les réponses du système sont fournies dans un temps prédéfini",true
131,34," critique pour la sécurité et la performance.",false
132,34,"Augmenter la vitesse de traitement au détriment de la fiabilité.",false
133,35,"Ignorer la documentation pour aller plus vite.",false
134,35,"Documenter les choix architecturaux pour une meilleure compréhension et maintenance du système.",false
135,35,"Créer uniquement des schémas sans explications écrites.",false
136,35,"2",false
137,36,"Réduire la consommation électrique des serveurs.",false
138,36,"Planifier",true
139,36," superviser et optimiser l'utilisation des ressources informatiques et le temps de traitement.",false
140,36,"Se concentrer uniquement sur la gestion des utilisateurs.",false
141,39,"Elle n'a pas d'importance pour les systèmes critiques.",false
142,39,"1",false
143,40,"Regrouper tous les services dans un seul système.",false
144,40,"Diviser les applications en services indépendants pour ",false
145,41,"2",false
146,43,"La capacité à réduire la complexité du code.",false
147,43,"La capacité du système à gérer une augmentation ",false
148,45,"Répartir la charge de travail entre plusieurs serveurs ",false
149,46,"Augmenter la complexité du système en ajoutant ",false
150,48,"Ajouter des fonctionnalités de sécurité à la fin ",false
151,49,"Utiliser des mots de passe simples pour une meilleure ",false
152,51,"Augmenter la capacité d'un serveur unique (CPU",false
153,51," RAM).",false
154,51,"Ajouter plus de serveurs pour répartir la charge.",false
155,51,"Réduire le nombre de serveurs pour économiser ",false
156,54,"Fournir une interface unique pour accéder à différents ",false
157,55,"2",false
158,56,"Décision",false
159,56," Intelligence",false
160,56," Confiance",false
161,56," Patience",false
162,57,"Elle permet de mesurer combien de temps un système peut être interrompu sans impact majeur.",false
163,57,"Elle fixe un temps minimal de fonctionnement.",false
164,57,"Elle n’a pas d’importance pour les systèmes critiques.",false
165,57,"1",false
166,58,"Une Platform de flux de données",false
167,58,"Une combinaison pré-packagée de matériel et d’outils logiciels de cloud computing qui vous permet de développer et de déployer en toute simplicité des applications.",false
168,58,"Une combinaison de matériel et d’outils d'infrastructure",false
169,58,"2",false
170,60,"Pour proposer des solutions standards.",false
171,60,"Pour fournir des solutions adaptées et personnalisées : Comprendre les besoins spécifiques du client permet de fournir des solutions adaptées et personnalisées",false
172,60," ce qui améliore la satisfaction du client et la pertinence des services offerts.",false
173,60,"Pour éviter de travailler trop dur",false
174,61," moyen et long terme d'un client  ",false
175,61,"En évitant de poser trop de questions",false
176,61,"Par des discussions approfondies et l'analyse des processus métiers. : Par des discussions approfondies",false
177,61," des questionnaires",false
178,62,"Entretiens. Entretiens",false
179,62," ateliers de travail",false
180,62," et études de flux de travail.",false
181,62,"Ateliers de travail.",false
182,63,"Répond mieux aux besoins spécifiques du client. Une solution personnalisée répond mieux aux besoins spécifiques du client",false
183,63," ce qui peut améliorer l'efficacité et la satisfaction.",false
184,63,"Améliore l'efficacité.",false
185,63,"Augmente les coûts.",false
186,64,"Pour construire une relation de confiance : Une communication ouverte permet de construire une relation de confiance",false
187,64," de résoudre rapidement les problèmes et de s'assurer que les attentes du client sont bien comprises et satisfaites",false
188,64,"Pour éviter les conflits internes.",false
189,64,"Pour minimiser les échanges",false
190,65,"Des rapports de performance :  Des rapports de performance",false
191,65," des rapports d'incidents et de résolutions",false
192,65," ainsi que des rapports d'activité mensuels ou trimestriels",false
193,65,"Des rapports financiers internes.",false
194,66,"En communiquant clairement sur les capacités et les limites des services.    En communiquant clairement sur les capacités et les limites des services",false
195,66," et en tenant le client informé de toute évolution.",false
196,66,"En évitant de parler des limitations.",false
197,66,"En tenant le client informé de toute évolution.",false
198,67,"Informer immédiatement le client.",false
199,67,"Expliquer la situation et les mesures prises pour résoudre le problème.",false
200,67,"Ne pas informer le client pour éviter le stress.",false
201,67,"Fournir des mises à jour régulières jusqu'à la résolution.",false
202,68,"Un contrat qui définit les niveaux de service attendus : Un SLA (Service Level Agreement) est un contrat qui définit les niveaux de service attendus entre un fournisseur de services et un client.",true
203,68,"Un outil de gestion des employés.",false
204,68,"Une liste de prix des services",false
205,68,"Un plan de marketing pour attirer de nouveaux clients",false
206,69,"Pour maintenir la satisfaction et la confiance du client : Le respect des SLA garantit que les engagements pris sont tenus",false
207,69," ce qui maintient la satisfaction et la confiance du client",false
208,69,"Pour éviter les pénalités financières",false
209,69,"Pour impressionner les concurrents.",false
210,70,"Niveau de service attendu.",false
211,70,"Temps de réponse et de résolution.",false
212,70,"Disponibilité.",false
213,70,"Pénalités en cas de non-respect des engagements.",false
214,71,"Par des indicateurs de performance. Par des indicateurs de performance et des rapports réguliers de suivi des SLA.",false
215,71,"Par des rapports réguliers de suivi des SLA.",false
216,72,"Attendre que le client demande des améliorations.",false
217,72,"Anticiper les besoins futurs du client. : La proactivité consiste à anticiper les besoins futurs du client et à proposer des améliorations avant même que le client ne les demande.",false
218,72,"Réagir seulement aux problèmes majeurs",false
219,72,"Proposer des améliorations avant que le client ne les demande",false
220,73,"Pour proposer des solutions plus efficaces. L'innovation permet de proposer des solutions plus efficaces",false
221,73," de réduire les coûts et d'améliorer la performance des systèmes.",false
222,73,"Pour réduire les coûts et améliorer la performance.",false
223,73,"Pour éviter les mises à jour logicielles",false
224,74,"En analysant les tendances du marché. En analysant les tendances du marché",false
225,74," en restant à l'écoute des évolutions technologiques et en échangeant régulièrement avec le client.",false
226,74,"En restant à l'écoute des évolutions technologiques.",false
227,74,"En échangeant régulièrement avec le client.",false
228,75,"Nouvelles technologies.",false
229,75,"Automatisation des processus.",false
230,75,"Solutions basées sur l'intelligence artificielle.",false
231,75,"Réductions de personnel.",false
232,76,"Audits réguliers",false
233,76," et politiques strictes de gestion des données.",false
234,76,"Accès restreint",false
235,76,"Partage libre des données",false
236,77,"Renforcer la confiance des clients    Conformité aux normes de sécurité reconnues renforce la confiance des clients et garantit un niveau élevé de protection des informations.",false
237,77,"Réduire les coûts de sécurité",false
238,77,"Garantir un niveau élevé de protection des informations",false
239,77,"Simplifier la gestion des données",false
240,78,") Par la mise en place de pare-feu.    Par la mise en place de pare-feu",false
241,78," de systèmes de détection d'intrusion",false
242,78," et de politiques de sécurité strictes.",false
243,78,"Par des systèmes de détection d'intrusion.",false
244,79,"Pertes financières.",false
245,79,"Dommages à la réputation.",false
246,79,"Sanctions légales.",false
247,79,"Augmentation des coûts de marketing.",false
248,80,"En s'adaptant rapidement aux changements des besoins du client. ",false
249,80,"En offrant des solutions fixes",false
250,80,"En rejetant les nouvelles demandes du client",false
251,80,"En offrant des solutions modulaires et évolutives.",false
252,81,"Parce que les besoins évoluent rapidement. :    Parce que les besoins et les technologies évoluent rapidement",false
253,81," et une entreprise d'infogérance doit pouvoir s'adapter pour rester pertinente.",false
254,81,"Pour rester pertinent face à la concurrence.",false
255,81,"Pour éviter de changer les services",false
256,82,"En concevant des services qui peuvent être facilement étendus ou réduits. En concevant des services qui peuvent être facilement étendus ou réduits en fonction des besoins du client",false
257,82,"En utilisant des outils propriétaires fermés.",false
258,82,"En évitant de personnaliser les services.",false
259,82,"En offrant des options flexibles et personnalisables.",false
260,83,"Pour permettre aux systèmes de croître avec les besoins du client.",false
261,83,"Pour éviter des refontes complètes.",false
262,83,"Pour réduire les coûts initiaux.",false
263,83,"Pour garantir une satisfaction client à long terme.",false
264,84,"Support technique réactif.    Un support technique réactif",false
265,84," compétent et disponible 24/7 pour résoudre rapidement les problèmes.",false
266,84,"Support technique disponible 24/7 ",false
267,84,"Support technique uniquement durant les heures de bureau.",false
268,85,"Réduire les temps d'arrêt.",false
269,85,"Résoudre rapidement les problèmes.",false
270,85,"Ignorer les petits problèmes",false
271,85,"Améliorer la satisfaction client en offrant un support de qualité.",false
272,86,"En proposant des sessions de formation régulières.",false
273,86,"En fournissant des ressources de formation accessibles.",false
274,86,"En ne faisant pas de formation pour réduire les coûts.",false
275,86,"En utilisant des méthodes d'apprentissage en ligne et sur site.",false
276,87,"Augmenter les coûts.",false
277,87,"Réduire le temps de résolution et minimiser l'impact des incidents sur les opérations du client.",false
278,87,"Minimiser l'impact des incidents sur les opérations.",false
279,87,"Eviter les audits.",false
280,88,"Pour identifier les causes sous-jacentes. :  Pour identifier les causes sous-jacentes et mettre en place des mesures correctives",false
281,88," ce qui améliore la stabilité et la fiabilité des systèmes.",false
282,88,"Pour mettre en place des mesures correctives.",false
283,88,"Pour augmenter les incidents.",false
284,89,"Identification",false
285,89," Enregistrement",false
286,89,"Classification",false
287,89,"Investigation",false
288,90,"En identifiant les problèmes avant qu'ils ne deviennent des incidents.",false
289,90,"En résolvant les problèmes rapidement.",false
290,90,"En augmentant les incidents.",false
291,90,"En réduisant les interruptions de service.",false
292,91,"Cela n’a aucun impact sur le service.",false
293,91,"Il peut y avoir des pénalités pour le fournisseur et une insatisfaction des clients.",true
294,91,"Le service continue normalement sans conséquences.",false
295,92,"En étant transparent. En étant transparent",false
296,92," honnête",false
297,92," professionnel",false
298,92," et en respectant les engagements pris.",false
299,93,"Pour montrer l'engagement envers le client.",false
300,93,"Pour répondre aux besoins du client rapidement.",false
301,93,"Pour réduire les coûts d'opération.",false
302,93,"Pour éviter les interactions avec le client.",false
303,94,"En respectant les engagements.",false
304,94,"En étant transparent sur les problèmes.",false
305,94,"En cachant les problèmes.",false
306,94,"En agissant dans le meilleur intérêt du client.",false
307,95,"Renforce la confiance et la fidélité.",false
308,95,"Peut mener à des relations à long terme.",false
309,95,"Augmente les coûts d'opération.",false
310,95,"Améliore la satisfaction client.",false
311,96,"Taux de disponibilité. Taux de disponibilité",false
312,96," temps moyen de résolution des incidents",false
313,96," satisfaction client",false
314,96," et respect des SLA.",false
315,97,"Pour identifier les domaines à améliorer : Les retours des clients permettent d'identifier les domaines à améliorer et de renforcer la satisfaction client.",false
316,97,"Pour renforcer la satisfaction client.",false
317,97,"Pour obtenir des compliments.",false
318,97,"Pour améliorer les services offerts.",false
319,98,"Pour s'assurer que les services respectent les standards et les attentes.",false
320,98,"Pour identifier les domaines à améliorer.",false
321,98,"Pour réduire les coûts d'opération.",false
322,98,"Pour augmenter la complexité de la gestion.",false
323,99,"En analysant les retours. En analysant les retours",false
324,99," en identifiant les tendances et les points de friction",false
325,99," et en apportant des ajustements aux services offerts.",false
326,99,"En identifiant les tendances et les points de friction.",false
327,100,"Est le Cluster Paiement",false
328,100,"Gère l'intégration et l'exploitation du périmètre applicatif de CA-PS et AVEM",false
329,100,"Est le Custer de Proximité ",false
330,100,"Gère l'intégration et l'exploitation du périmètre applicatif du LCL",false
331,101,"Est le Cluster Services Financiers Standards",false
332,101,"Gère l'intégration et l'exploitation du périmètre applicatif de AVEM",false
333,101,"Gère l'intégration est l'exploitation du périmètre applicatif de CAPFM Group et CAL&F",false
334,101,"Est le cluster Service Financiers Spécialisés",false
335,102,"Est le Cluster Banque de proximité Corporate",false
336,102,"Est le Cluster Banque de proximité Crédit Agricole S.A",false
337,102,"Gère l'intégration est l'exploitation du périmètre applicatif du LCL ",false
338,102,"Gère l'intégration est l'exploitation du périmètre applicatif de BforBank",false
339,103,"Est le Cluster de Proximité des Caisses Régionales",false
340,103,"Est le Cluster Banque de proximité Crédit Agricole S.A",false
341,103,"Gère l'intégration est l'exploitation du périmètre applicatif du LCL et des caisses régionales",false
342,103,"Gère l'intégration est l'exploitation du périmètre applicatif des caisses régionales et de la banques Chalus",false
343,104,"Est le Cluster Gestion de l'Exploitation et Audit",false
344,104,"Gère l'intégration est l'exploitation du périmètre applicatif des Assurances uniquement",false
345,104,"Est le Cluster Gestion de l'Epargne et Assurances",false
346,104,"Gère l'intégration est l'exploitation du périmètre applicatif des Assurances",false
347,105,"Est le Cluster dédié au périmètre CACIB",true
348,105,"Gère l'intégration est l'exploitation du périmètre applicatif des Assurances ",false
349,106,"Est le cluster dédié au périmètre de CACEIS",false
350,106," CASA et Indosuez",false
351,106,"Est le Cluster dédié au périmètre  LCL et CAPS",false
352,108,"Un comité opérationnel",false
353,108,"un comité fonctionnel",false
354,108,"Cela désigne la procédure décrivant les différentes instances de réunion prévues dans le cadre du projet ou d'un contrat.",false
355,108,"3",false
356,109,"Suivre les actions d’exploitation et de maintenance",true
357,109," traiter les difficultés opérationnelles rencontrées",false
358,109,"suivi des incident",false
359,109,"une cellule de crise",false
360,110,"Une cellule de crise",false
361,110,"une instance fonctionnelle",false
362,110,"Définir la stratégie de l’entreprise ou du client",true
363,110," S’assurer que les projets sont en accord avec la stratégie",false
364,111,"Un comité incident",false
365,111,"Suivre l’avancement du projet ou du contrat",false
366,111," suivi opérationnel",false
367,111," financier et technique ",false
368,112,"oui ",false
369,112,"non",false
370,112,"1",false
371,113,"C'est un ensemble de personnes ayant pour mission d'évaluer les changements apportés à l'environnement informatique",true
372,113," et de valider ou pas celui-ci.",false
373,113,"un point ou l'on statut sur les problèmes",false
374,113,"un point ou l'on statut sur les incident",false
375,114,"Référé",false
376,114," Autorité",false
377,114," Construire",false
378,114," Informé",false
379,115,"Elle permet",false
380,115," en amont",false
381,115," de préciser le rôle de chacun et l’étendue de sa mission",false
382,115,"Elle définie un fonctionnement budgétaire",false
383,116,"Plan d’Assurance Qualité",false
384,116,"Plan Autorité Qualité",false
385,116,"Plan Autorisé Quantité",false
386,116,"1",false
387,117,"Plan d'execution et d'assurance",false
388,117,"C'est un document évolutif qui définit précisément ce qu’un prestataire doit faire et dans quel contexte",false
389,117,"Document qui défini les licences logiciel",false
390,117,"2",false
391,118,"Oui ",false
392,118,"Non",false
393,118,"1",false
394,119,"Plan Assurance Sécurité",false
395,119,"Plan Autorité Sécurité",false
396,119,"Plan Assurance Suivi",false
397,119,"1",false
398,120,"Un document de synthèse sur les incident Cyber",false
399,120,"Cela précise dequel manière les prestataires se conforment aux exigences de cybersécurité définies par le maître d’ouvrage pour ce qui concerne leur organisation et leur système d’information (SI).",false
400,120,"Un Plan d'Assurance Sécurité",false
401,120,"2",false
402,121,"Key Performance Indicator",false
403,121,"Key Process Indicator",false
404,121,"Indicateur Clé de Performance",false
405,121,"1 et 3",false
406,122,"Des données servant à apprécier l’efficacité du travail accompli",true
407,122," dans l’optique d’atteindre un objectif précis.",false
408,122,"Des indicateur de processus",false
409,122,"Un composant d'infrastructure",false
410,123,"Service Level Agrement",false
411,123,"Sector Level Agrement",false
412,123,"Service Legal Autority",false
413,123,"1",false
414,124,"Un document qui décrit comment installer un système.",false
415,124,"Un accord qui définit les niveaux de service ",false
416,127,"Pour maintenir la satisfaction et la confiance du client : Le respect des SLA garantit que les engagements pris sont tenus",true
417,127," ce qui maintient la satisfaction et la confiance du client",false
418,127,"Pour éviter les pénalités financières",false
419,127,"Pour impressionner les concurrents.",false
420,128,"Définir les niveaux de service globaux",false
421,128," y compris disponibilité",false
422,128," performance",false
423,128," et support.",false
424,129,"Plan Correctif d'Activité",false
425,129,"Plan Continuité d'Activité",false
426,129,"Plan de Collecte d'Activité",false
427,129,"2",false
428,130,"Un Plan Climatique Avancé",false
429,130,"Un plan de reprise d'activité",false
430,130,"Des mesures préventives ainsi que des procédures d’urgence visant à préserver la continuité d’activité.",false
431,130,"3",false
432,131,"Process Reporting Autority",false
433,131,"Plan de Reprise d’Activité",false
434,131,"Plan de restitution Active",false
435,131,"2",false
436,132,"Un plan détaillé qui permet de rétablir les systèmes ou infrastructures après un sinistre.",false
437,132,"Un plan de production de l'ordonnanceur",false
438,132,"Un module dans l'active-directory",false
439,132,"1",false
440,133,"Le SLA couvre l'ensemble des niveaux de service",false
441,133," tandis que la GTR se concentre uniquement sur le temps de résolution des incidents.",false
442,133,"La GTR définit tous les niveaux de service",false
443,133," tandis que le SLA se concentre uniquement sur les délais de réponse.",false
444,134,"Pour définir et garantir les attentes globales de service envers le Client.",false
445,134,"Pour réduire les coûts de maintenance des équipements.",false
446,134,"Pour éliminer tous les incidents possibles.",false
447,134,"1",false
448,135,"Dans un manuel utilisateur.",false
449,135,"Dans la convention de services.",false
450,135,"Dans un contrat de vente de matériel.",false
451,135,"2",false
452,136,"Non",false
453,136," ils doivent toujours être ensemble.",false
454,136,"Oui",false
455,136," un SLA peut exister sans inclure de GTR",false
456,137,"Dans les contrats de maintenance pour assurer une intervention rapide en cas de panne.",false
457,137,"Pour les activités où le temps de résolution n’est pas critique.",false
458,137,"Uniquement pour les systèmes sans contrat de service.",false
459,137,"1",false
460,138,"Assurer la satisfaction des utilisateurs en garantissant une restituion du service dans les  délais convenu.",false
461,138,"Augmenter les coûts de maintenance.",false
462,138,"Éviter les réparations rapides.",false
463,138,"1",false
464,139,"Que les réparations sont effectuées de manière informelle.",false
465,139,"Que les problèmes sont résolus dans le temps convenu pour minimiser l'impact sur les opérations.",false
466,139,"Que les délais ne sont pas respectés.",false
467,139,"2",false
468,140,"Cela n'a pas de conséquences.",false
469,140,"Il peut y avoir des pénalités financières et une perte de confiance de la part des clients.",false
470,140,"Le service continue comme prévu.",false
471,140,"2",false
472,141,"Pour spécifier précisément le délai dans lequel les incidents doivent être résolus",true
473,141," assurant ainsi une meilleure gestion des pannes.",false
474,141,"Pour augmenter les coûts du contrat.",false
475,141,"Pour ne jamais avoir à résoudre les incidents rapidement.",false
476,143,"Permet à l'équipe de collaborer de manière fluide avec un objectif commun  ",true
477,143,"Encourager la compétition entre les membres de l'équipe  ",false
478,143,"Garantir la stabilité et l'efficacité des services de production  ",false
479,143,"Créer des sous-équipes indépendantes sans collaboration  ",false
480,144,"Améliorer la communication et la transparence entre les équipes  ",false
481,144,"Détection rapide des problèmes et une meilleure gestion des incidents  ",false
482,144,"Favorise l'engagement des équipiers  ",false
483,144,"Augmente la hiérarchisation des tâches et des rôles  ",false
484,145,"Favorise la collaboration entre les différentes personnes de l'équipe  ",false
485,145,"Améliore le temps moyen de résolution des incidents  ",false
486,145,"Diminue la nécessité de communication entre les membres  ",false
487,145,"Augmente la charge de travail pour chaque membre  ",false
488,146,"Comprendre l'organisation de CAGIP  ",false
489,146,"Partager l'information de manière transparente et régulière  ",false
490,146,"Maintenir en tant qu'opérationnel mon niveau de connaissances techniques et applicatives  ",false
491,146,"Limiter la diffusion d'information aux chefs d'équipe uniquement  ",false
492,147,"Fluidifier la communication entre le développeur et l'opérationnel  ",false
493,147,"Anticiper les problèmes liés au déploiement en production grâce à la collaboration inter-équipes  ",false
494,147,"Encourager le développement indépendant sans consultation  ",false
495,147,"Réduire les interactions entre les équipes techniques et opérationnelles  ",false
496,148,"Via WIKI  ",false
497,148,"Via Confluence  ",false
498,148,"Tout le monde accède à la même base de connaissances  ",false
499,148,"La documentation est uniquement réservée aux managers  ",false
500,149,"Adopter une posture solidaire avec les collègues CAGIP  ",false
501,149,"Exercer un devoir et droit d'alerte  ",false
502,149,"Adopter une posture de conseil  ",false
503,149,"Travailler de manière indépendante sans tenir compte des autres  ",false
504,150,"Favoriser une culture plus collaborative et moins hiérarchique  ",false
505,150,"Les équipes travaillent ensemble et partagent les succès comme les échecs  ",false
506,150,"Renforce la responsabilité collective  ",false
507,150,"Créer des silos d'information au sein de l'organisation  ",false
508,152,"Je priorise l'incident sur toutes autres activités",true
509,152,"J'interviens après ma réunion",false
510,152,"Je rajoute l'incident a mon backlog avec un traitement au fil de l'eau",false
511,153,"Identifier la root cause de l'incident",false
512,153,"Rétablir le service dès que possible et minimiser l'impact pour le métier ",false
513,153,"Maintenir la satisfaction des utilisateurs au travers de la qualité de service ",false
514,153,"Envoyer un état d'avancement à mon manager",false
515,154," quels sont les cas dans",false
516,155,"Impact majeur sur les activités de l'entreprise",false
517,155,"Amélioration continue du processus",false
518,155,"Nécessite de mobiliser des ressources supplémentaires ",false
519,155,"1 et 2 et 4",false
520,156,"TRUE",false
521,156,"FALSE",false
522,157,"TRUE",false
523,157,"FALSE",false
524,158,"Un incident à très fort impact (indisponibilité ou forte dégradation du service)",false
525,160,"Un changement à for impact sur l'infrastructure qui nécessite une validation au CAB",false
526,160,"1",false
527,160,"Moyen/Difficle",false
528,161," les communications doivent être envoyées :",false
529,161,"Toutes les heures",false
530,161,"Immédiatement à l'ouverture de l'incident et toutes les 10min jusqu'à la résolution",false
531,161,"1ère communication dans les 30min puis toutes les 2 heures  ; Dernière communication correspond à la validation de la résolution",false
532,162,"tout événement imprévu qui perturbe ou interrompt le fonctionnement normal d’un service informatique.",true
533,162,"un problème informatique",false
534,163,"Une norme de développement",false
535,163,"une méthode de travail",false
536,163,"un ensemble de compétences organisationnelles spécifiques qui visent à créer de la valeur pour les clients finaux sous forme de services.",true
537,164,"Information",false
538,164,"Technique",false
539,164," Infrastructure",false
540,164," Légacy",false
541,165,"Cellule de Crise Opérationnelle",true
542,165,"Cellule de Crise Orienté",false
543,165,"Cellule de crise organisée",false
544,166,"Cellule de Création et de Décommissionement",false
545,166,"Cellule de Crise Décisionnelle",false
546,166,"Création",false
547,166," Confirmité et décommissionemet",false
548,167,"Cellule de Crise Cadré",false
549,167,"Cellule de Crise Client",true
550,167,"Cellule de Confirmité  Client",false
551,168,"A coordonner",false
552,168,"A prendre des notes",false
553,168,"A communiquer ",false
554,169,"une communication sur l'incident en cours",false
555,169,"Un rapport sur le nombre d'incident",false
556,169,"un rapport écrit d'un incident qui décrit : L'impact de l'incident. Les actions prises pour réduire ou résoudre l'incident. La cause profonde de l'incident. Les actions de suivi prises pour éviter une ré-occurrence de l'incident.",true
557,170,"Consiste à alerter les utilisateurs lorsqu'un service est touché par une panne ou des performances dégradées.",true
558,170,"Un mail aux équipes support METIS",false
559,171,"Description de l'impact",false
560,171," statut root cause",false
561,171," indentification d'un contournement",false
562,171," statut résolution et delai rétablissement",false
563,172,"De gérer un problème",false
564,172,"Conciste à formaliser l'incident dans l'outil de ticketing",true
565,172,"De résoudre un incident",false
566,173,"Un contrat pour acheter du matériel informatique.",false
567,173,"Un outil pour surveiller la performance du réseau.",false
568,173,"Une garantie sur la durée maximale pour résoudre ",false
569,174,"3",false
570,175,"Assurer que les mises à jour logicielles soient faites à temps.",false
571,175,"Fixer un délai maximal pour résoudre un problème ou un incident.",true
572,175,"Gérer la performance des serveurs.",false
573,176,"Garantir que les incidents sont résolus dans un délai prédéfini et convenu et ne dépassant pas celui-ci.",true
574,176,"Résoudre les problèmes quand on a le temps.",false
575,176,"Ne pas se soucier du temps nécessaire pour résoudre un problème.",false
576,177,"Pour éviter les interruptions prolongées qui pourraient causer des pertes financières ou opérationnelles.",true
577,177,"Pour maximiser les temps d'arrêt du système.",false
578,177,"Pour éviter d'investir dans des solutions de secours.",false
579,178,"Lorsque l'arrêt d'un service web ne cause aucune conséquence sur les utilisateurs.",false
580,178,"Lorsqu'un système critique ne doit pas être interrompu plus longtemps que la durée maximale définie pour éviter des impacts graves.",true
581,178,"Lorsque l'interruption n'a aucune conséquence sur le système.",false
582,179,"Pour permettre des interruptions régulières sans impact.",false
583,179,"Pour planifier des solutions de contournement ou de redémarrage rapide afin de respecter les délais d'interruption admissibles.",true
584,179,"Pour éviter d'avoir des systèmes de secours.",false
585,180,"Parce que ces secteurs n’ont pas de besoins spécifiques en matière de continuité.",false
586,180,"Parce que ces secteurs ne tolèrent pas de longues interruptions",false
587,180," ce qui pourrait mettre en péril la sécurité ou les finances.",false
588,180,"Pour permettre des interruptions plus longues sans planification.",false
589,181,"A gérer les incidents",false
590,181,"Au suivi des plans d'action définis dans un problème",false
591,181," ainsi que les problème",false
592,181,"A l'analyse et la résolution de l'incident",false
593,182,"un incident informatique",false
594,182,"C'est une cause sous-jacente ou une origine récurrente qui provoque un ou plusieurs incidents.",true
595,182,"un model de communication",false
596,183,"TRUE",false
597,183,"FALSE",false
598,184,"Résoudre un incident",false
599,184,"Réduire la réccurence et l'impact d'un incident",false
600,184,"Sécuriser le déploiement des opérations",false
601,185,"Proactif",false
602,185,"DIsruptif",false
603,185,"Réactif",false
604,185,"Constructif",false
605,186,"P2",false
606,186,"P3 ou P4 peuvent donner lieu à un problème",false
607,186,"TRUE",false
608,186,"FALSE",false
609,187,"TRUE",false
610,187,"FALSE",false
611,188,"C'est l'ajout",false
612,188," la modification ou la suppression de tout ce qui pourrait avoir un effet direct ou indirect sur les services ou système de la production informatique.",false
613,188,"Exécuter de tâches sans tenir compte des contraintes de temps.",false
614,188,"De faire des modification sur la production",false
615,189,"Permettre des intégrations sans documentation.",false
616,189,"La tracabilité de toute modification réaliser sur la production",true
617,189,"De faire des modification sur la production",false
618,190,"Exécuter les tâches sans tenir compte des contraintes de temps.",false
619,190,"Que toutes les actions réalisé sont maitrisées ainsi que les rique sur la production",true
620,190,"Augmenter la vitesse de traitement au détriment de la fiabilité.",false
621,191,"lors d'un point d'équipe",false
622,191,"Lors du CAB ou celui -ci sera expliqué et débattu en terme de rique",true
623,191,"Lors d'un point tribu",false
624,192,"Aucun le changement sert de livrable",false
625,192,"Les action réalisées uniquement",false
626,192,"Nous avons la feuille de route",false
627,192," les test ",false
628,193,"L'ensemble des livrable Pré-requis pour la réalisation de celui-ci",false
629,193," les créneaux horraire",false
630,193," Ainsi que les acteur prévu pour les action",false
631,193,"Les créneaux horraires",false
632,194,"Le responsable pocessus ",false
633,194,"Le change manager",true
634,194,"le responsable d'équipe",false
635,196,"Un changement et je demande à passer au CAB",false
636,196,"je réalise mes modification sans tenir compte des contraintes",true
637,197,"TRUE",false
638,197,"FALSE",false
639,198,"TRUE",false
640,198,"FALSE",false
641,199,"Un changement urgent",false
642,199,"Un mail aux équipes support METIS",false
643,199,"Une demande cataloguée pour laquelle il existe une procédure prédéfinie et approuvée",false
644,199,"Une modification d'un élément de configuration",false
645,200," majeur peut être exécuté le jour même de sa création",false
646,200,"TRUE",false
647,200,"FALSE",false
648,201,"Avoir une procédure de rollback",false
649,201," un chronograme et des tests",false
650,201,"Avoir créé le ticket en statut ""Draft""",false
651,201,"Avoir passé le ticket en statut ""Autorisé""",false
652,202," je suis la feuille de route prévue mais une problématique intervient. Que dois-je faire ?",false
653,202,"Je continue mon opération car ma feuille de route a été approuvée",false
654,202,"J'arrête l'opération",false
655,202,"J'escalade à mon management pour prise de décision",false
656,203,"Je mets à jour le code de clôture dans METIS pour préciser le rollback",true
657,203,"Je laisse le code de clôture à ""Succès"" dans METIS car mon opération été exécutée correctement",false
658,203,"Je ne m'occupe plus de METIS car mon changement est fermé",false
659,203,"Je ne dois pas remplir de code de clôture dans METIS",false
660,204,"Exécuter mon opération en production car il faut résoudre l'incident",false
661,204,"Exécuter l'opération en faisant un changement urgent",true
662,204,"Avoir la validation du DG avant d'exécuter ce type d'opération",false
663,204,"Je dois faire un changement standard",false
664,205," la PIR complémentaire est obligatoire ?",false
665,205,"TRUE",false
666,205,"FALSE",false
667,206," l'exécution d'un changement est validée pour résoudre un incident. Je dois :",false
668,206,"Exécuter l'opération car validée en cellule de crise et ensuite faire un changement urgent dans METIS pour régulariser",false
669,206,"Exécuter l'opération car validée en cellule de crise et donc pas besoin de ticket METIS dans ce cas",false
670,206,"Demander l'approbation de mon management avant d'exécuter l'opération validée par la cellule de crise",false
671,207,"TRUE",false
672,207,"FALSE",false
673,208,"Uniquement des éléments matériels",false
674,208,"Des éléments  matériel",false
675,208," logiciel",false
676,208," documents et services",false
677,209,"FALSE",false
678,209,"TRUE",false
679,210,"Après des changements importants ",false
680,210,"Suite à des audits",false
681,210,"Si un incidents majeur se produit et que des modifications sont effectuées pour résoudre ce problème",false
682,210,"Uniquement suite à des changements infrastructures",false
683,211,"Connection Moyenne DataBase",false
684,211,"Configuration Management DataBase",true
685,211,"Configuration Moyen DataBase",false
686,212,"Dans la gestion des actifs et des configurations",true
687,212,"Dans la gestion des Processus",false
688,212,"Dans les bases de données",false
689,213,"Faciliter la gestion des éléments de configurations (relations comprises)",false
690,213,"Permettre une analyse d’impact efficace",false
691,213,"La gestion interne d'une base de données",false
692,214,"Des bases de données",false
693,214,"des processus",false
694,214,"Des éléments de configuration",true
695,215,"ServiceNow",false
696,215,"BMC Remedy",false
697,215,"Asset center",false
698,216,"TRUE",false
699,216,"FALSE",false
700,217," je contacte :",false
701,217,"Le support METIS",false
702,217,"Mon gestionnaire de processus",false
703,217,"Mon manager",false
704,218,"Non obligatoire",false
705,218,"En charge du changement",false
706,218,"En charge de la réalisation des tâches de la requête",false
707,218,"En charge de l'approbation de la requête",false
708,219," la modification ou la suppression d'un élément de configuration de l'infrastructure",false
709,219,"J'exécute l'opération demandée et je ferme la requête ",false
710,219,"J'exécute un changement que je trace dans METIS avec les bons niveaux d'approbation (en fonction du type de changement)",false
711,219,"Je demande une validation au manager du demandeur",false
712,220," j'ouvre un incident",false
713,220,"TRUE",false
714,220,"FALSE",false
715,221,"consiste à planifier",false
716,221," mettre en œuvre",false
717,221," gérer et optimiser les services informatiques pour répondre aux besoins des utilisateurs et aider les entreprises à atteindre leurs objectifs stratégiques.",false
718,221,"Faciliter la gestion des éléments de configurations (relations comprises)",false
719,222,"Permettre des intégrations sans documentation.",false
720,222,"D'éviter l'erreur humaine sur l'application de celle-ci",true
721,222,"De faire des modification sur la production",false
722,223,"Exécuter les tâches sans tenir compte des contraintes",false
723,223,"faire des modification en production",false
724,223,"Le manque d'attention a ce que l'on fait",true
725,224,"la réalisation d'une action",false
726,224,"le non respect des consignes",true
727,224,"la modification en prod",false
728,226,"Cybersécurité",false
729,235," en collaboration étroite avec le Centre Opérationnel de Cyberdéfense CA-GIP",false
730,235,"TRUE",false
731,235,"FALSE",false
732,236,"Le Centre Opérationnel de Cyberdéfense ",false
733,236,"Le CISO Groupe",false
734,236,"Le Socle Cyberdéfense",false
735,236," L'équipe « Contrôle Permanent Risques »",true
736,237,"Garantir le respect des cahiers des charges sécuritaires et de la maîtrise des Risques Informatiques",false
737,237,"Piloter les incidents de sécurité impactant les services SI offerts par CA-GIP ou ",false
738,238," au Groupe",false
739,238," aux autorités",false
740,238,"Définir la stratégie d'évolution de la sécurité de CA-GIP ",false
741,238,"1",false
742,239,"Une vulnérabilité critique exploitable",true
743,239,"Une vulnérabilité d'un composant exploitable",false
744,239,"Une véritable criticité d'entreprise",false
745,239,"Une vulnérablité critique d'entreprise",false
746,240,"VRAI ",false
747,240,"FALSE",false
748,241,"Vrai ",false
749,241,"FALSE",false
750,242,"Je ne clique pas sur les liens et je n’ouvre pas de documents dans les sms ",false
751,243,"Je contacte l'émetteur par un autre canal déjà établi pour vérifier l’authenticité ",false
752,244,"1",false
753,244,"2 et 3",false
754,245,"Je réponds au mail",false
755,245," Je ne clique pas sur les liens ou les pièces jointes dans les mails suspects",false
756,245,"En cas de doute",false
757,245,"  je transfère le mail en pièce-jointe au SOC",false
758,246,"Extrêmement confidentiel",false
759,246,"Hautement confidentiel",false
760,246,"Public",false
761,246,"Usage interne",false
762,247,"J'ouvre mon navigateur et je cherche le logiciel sur Google",false
763,247,"Je branche une clé USB contenant le logiciel",false
764,247," Je regarde dans le catalogue applicatif s’il est disponible",false
765,247," sinon je fais une demande METIS.",false
766,253,"B (vrai)",false
767,254," quelles mesures ",false
768,257,"Inclure systématiquement les enjeux de ",false
769,258," D (vrai)",false
770,259,"Promouvoir les acteurs clés de la sécurité et leur rôle auprès des collaborateurs.",false
771,259,"S'assurer que chaque collaborateur puisse identifier ",false
772,261,"A",false
773,261," B",false
774,262,"Attendre que les incidents de sécurité surviennent ",false
775,263,"Communiquer les besoins en cybersécurité ",false
776,264,"C",false
777,270,"A",false
778,270," C",false
779,271,"S'assurer que les preuves fournies sont en adéquation avec les attendus des auditeurs.",false
780,271,"Aider les porteurs de recommandations à planifier les actions de remédiation.",false
781,271,"Ne pas participer aux étapes de restitution ",false
782,272,"A",false
783,272," B",false
784,272," D ",false
785,273,"Les règles de sécurité CA-GIP relatives aux prestataires au format vidéo.",false
786,273,"Le Passeport Cybersécurité.",false
787,273,"La Charte RGPD Prestataires.",false
788,273," Le guide d'utilisation des logiciels Métier",false
789,274,"Pour répondre uniquement aux exigences légales.",false
790,274,"Pour anticiper les risques et éviter des",false
791,276,"B",false
792,276," D ",false
793,277,"Organiser des ateliers et séminaires sur la cybersécurité.",false
794,277,"Afficher les informations des référents sécurité dans les espaces communs.",false
795,277," Limiter l'accès aux informations des référents ",false
796,278,"A",false
797,278," B",false
798,278," D ",false
799,279," quelle pratique est recommandée ?",false
800,279,"Consulter le référent sécurité avant de définir le budget",false
801,279,"Allouer une part flexible du budget selon les besoins identifiés en cours d'année",false
802,279,"Réduire les dépenses liées à la cybersécurité ",false
803,280,"A",false
804,280," B",false
805,280," D ",false
806,281,"Pour s'assurer que les collaborateurs sont au courant des dernières menaces",false
807,281,"Pour permettre aux collaborateurs d'obtenir une certification en cybersécurité",false
808,281,"Pour améliorer leur productivité en réduisant les",false
809,282,"A",false
810,282," C ",false
811,283,"En fixant des objectifs spécifiques alignés avec la stratégie globale de CA-GIP",false
812,283,"En réduisant la charge de travail pour se concentrer sur la cybersécurité.",false
813,285,"Il aide à planifier les actions de remédiation avec les porteurs de recommandations",false
814,285,"Il vérifie la conformité des preuves fournies avec les attentes des auditeurs",false
815,285,"Il ne participe pas aux étapes de restitution des audits.",false
816,285,"B",false
817,288,"Utiliser une adresse email dédiée comme CA-GIP_Communication_Cybersecurite@CA-GIP.fr",false
818,288,"Solliciter les moyens généraux",false
819,288,"B",false
820,290,"Cela garantit que tous les collaborateurs suivent la stratégie globale de CA-GIP en matière de sécurité.",false
821,290,"Cela augmente le risque d'incidents en surchargeant les collaborateurs",false
822,290,"Cela rend les objectifs plus difficiles à atteindre",false
823,290,"A",false
824,292,"Les inclure dans le Welcome Pack pour chaque nouvel arrivant",false
825,292,"Former uniquement les managers sur ces politiques",false
826,292,"B",false
827,293,"Son manager",false
828,293,"Ses clollègues",false
829,293,"Les ressources humaines",false
830,293,"L'équipe de sécurité informatique",true
831,294," il n'est pas utile de prévenir l'équipe de sécurité ",false
832,294,"Vrai ",false
833,294,"FALSE",false
834,295,"l'adresse mail de l'expéditeur",false
835,295,"Le lien cliquable",false
836,295,"L'absence de signature",false
837,295,"les spamwords",false
838,296,"Consiste à obtenir illégalement des informations sensibles",true
839,296,"Consiste à obtenir légalement des informations sensibles",false
840,296,"Consiste à la création légalement d'une base d'informations sensibles",false
841,297,"Consiste à submerger les ressources d’un système jusqu’à ce qu’il soit incapable de répondre à des demandes de service légitimes.",false
842,297,"Consiste à ne pas pouvoir mettre sont mot de passe",false
843,297,"Consiste à créer une vulnérabilité pour lancer un autre type d’attaque",false
844,298,"La récupération de coordonnées",false
845,298," type bancaire",false
846,298,"Passer le portique en même temps que quelqu'un d'autre ",false
847,298,"Consiste d’écouter informatiquement les données envoyées entre deux personnes",false
848,299,"Consiste à maintenir en otage le système jusqu’à l'acceptation de payer une rançon",false
849,299,"Consiste à bloquer l'acces au système",false
850,299,"Réclamer un rançon",false
851,300,"un nouveau jeu",false
852,300,"un logiciel malveillant qui infecte un ordinateur et modifie son fonctionnement",false
853,300," détruit des données ou espionne l’utilisateur ou le trafic réseau.",false
854,300,"Un mail frauduleux",false
855,301,"Consiste à créer une vulnérabilité pour lancer un autre type d’attaque",false
856,301,"Le nom du cheval grecque",false
857,301,"Consiste à utiliser un programme malveillant caché à l’intérieur d’un programme apparemment légitime",false
858,301," pour ouvrir une porte dérobée dans le système à travers laquelle les hackers peuvent pénétrer",false
859,302,"Un changement d'état dans un système d'information ",false
860,303,"Une simple alerte générée par un antivirus sans conséquence réelle.",false
861,303,"Un accès autorisé à des données par un utilisateur légitime.",false
862,303,"A",false
863,304,"Un événement de sécurité indésirable ou inattendu ",false
864,305,"Un incident mineur sans impact sur les opérations de l'entreprise",false
865,305,"Un incident de sécurité est toujours le résultat d'une attaque malveillante.",false
866,305,"A",false
867,306,"Disponibilité",false
868,306,"Intégrité",false
869,306," Confidentialité",false
870,306,"Preuve/Traçabilité",false
871,307," ",false
872,308,"Contacter immédiatement votre responsable ",false
873,310,"B",false
874,310," C",false
875,314,"Informer la CNIL directement.",false
876,314," A",false
877,315," ",false
878,316,"Signaler immédiatement l'email au SOC ou au Help Desk",false
879,316,"Transférer l'email à vos collègues pour confirmation",false
880,316,"Supprimer l'email sans en informer qui que ce soit",false
881,316,"B ",false
882,317," quelle est votre première étape ?",false
883,317,"Signaler immédiatement la violation au référent sécurité ou au Help Desk",false
884,317,"Informer les personnes concernées par la violation",false
885,317,"Tenter de corriger l’erreur sans en informer qui que ce soit",false
886,318,"Utiliser des mots de passe forts et les changer régulièrement.",false
887,319,"Installer des logiciels non approuvés si cela vous semble nécessaire",false
888,319,"1",false
889,321,"Évaluer rapidement l'impact potentiel sur votre système.",false
890,321,"Ignorer l’alerte si vous pensez qu’elle ne concerne pas votre travail",false
891,321,"Informer vos supérieurs de l’alerte.",false
892,321,"Fermer l'alerte après avoir évalué que tout est sous contrôle.",false
893,322," quelle est la première priorité opérationnelle  ? ",false
894,322,"Identifier la source de l'incident et tenter d'en limiter les conséquences",false
895,322,"Informer immédiatement toutes les équipes concernées",false
896,322," y compris la direction",false
897,323,"Plan de Certification interne propre à CA-GIP",false
898,323,"Payment  Card Industry Data Security Standard",true
899,323,"Projet Certifié International de Développement des Standards de Sécurité",false
900,323,"Programme Centralisé Interne de Diffusion Sécurisée du Système",false
901,324,"Plan de Sécurité Interne propre à CA-GIP",false
902,324,"Plan de secours Informatique",false
903,324,"Un plan qui permet de prévenir la fraude bancaire",false
904,324,"Un plan qui permet de prévenir la perte de données critiques en mettant en place des procédures de sauvegarde efficaces",false
